lineid,Name,text,character,left,middle-left,middle,middle-right,right,scene_properties,dialogue_choice,next_line_properties,give_item,chapter,goto,special_effects,sound_effects,music_effect,alias,ender,scene#,line#,:,furthest,@@,||,>>,##, ++,&&,==,<<,**,*,[[,|M|,Alt,chapt#,Raw,,,,,,,,,,,,
DEMO,,,"Name Dialogue,Name TSCN","character_name, expression,none",,"character_name,expression,fade_in",,"character_name, expression, ""fade_in""",,choice_unique_id,"-1, false, false","key_item,K041",,,,,,,,-1,,,,,,,,,,,,,,,,,NIN,,,,,,,,,,,,,
Exported to JSON:,05/01/2026 15:12:49,DONE,,,,,,,,,,,,,,,,,,1,,,,,,,,,,0,,,,,,,,,,,,,,,,,,,,
Imported from DOC:,22/12/2025 15:21:24,Izakaya Project Wiki,,,,,,,,,,,,,,,,,,,,,,,,,,,,,,,,,,,,,,,,,,,,,,,,
,,DEMO Ver.4 Day 1 (Shorter Version),",%none%",",,,",",,,",",,,",",,,",",,,",,none,"-1,FALSE,FALSE,,FALSE",",,,",,,",,,",",,,",,,"-1,f,f,,f",0,-1,0,35,0,0,0,0,0,0,0,0,0,0,0,0,,,DEMO Ver.4 Day 1 (Shorter Version),,,,,,,,,,,,
DEMO1_S1_L0,%player%,"Oasis, my parent’s izakaya…","%player%,%none%",",,,",",,,",",,,",",,,",",,,","TRUE,background_izakaya_storefront,none,none,izakaya",none,"-1,FALSE,FALSE,,FALSE",",,,",DEMO1,,",,,",",,,",,%player%,"-1,f,f,,f",1,0,9,39,0,39,0,0,0,0,96,0,0,0,0,0,,,"%player%: Oasis, my parent’s izakaya… ||TRUE,background_izakaya_storefront,none,none,izakaya|| ==Demo1==",,,,,,,,,,,,|
DEMO1_S1_L1,%player%,It's been almost ten years since the last time I came here.,"%player%,%none%",",,,",",,,",",,,",",,,",",,,","FALSE,background_izakaya_storefront,none,none,izakaya",none,"-1,FALSE,FALSE,,FALSE",",,,",DEMO1,,",,,",",,,",,%player%,"-1,f,f,,f",1,1,9,70,0,0,0,0,0,0,-1,0,0,0,0,0,,,%player%: It's been almost ten years since the last time I came here.,,,,,,,,,,,,
DEMO1_S1_L2,%player%,This place is still the same as I remember…,"%player%,%none%",",,,",",,,",",,,",",,,",",,,","FALSE,background_izakaya_storefront,none,none,izakaya",none,"-1,FALSE,FALSE,,FALSE",",,,",DEMO1,,",,,",",,,",,%player%,"-1,f,f,,f",1,2,9,54,0,0,0,0,0,0,-1,0,0,0,0,0,,,%player%: This place is still the same as I remember…,,,,,,,,,,,,
DEMO1_S1_L3,%player%,And yet it also feels different ever since they passed away.,"%player%,%none%",",,,",",,,",",,,",",,,",",,,","FALSE,background_izakaya_storefront,none,none,izakaya",none,"-1,FALSE,FALSE,,FALSE",",,,",DEMO1,,color_dimin,,,%player%,"-1,f,f,,f",1,3,9,72,0,0,0,0,0,0,-1,0,72,72,0,0,,,%player%: And yet it also feels different ever since they passed away. **color_dimin**,,,,,,,,,,,,
DEMO1_S1_L4,%player%,Now it’s my job to reopen this place after being closed for almost a year.,"%player%,%none%",",,,",",,,",",,,",",,,",",,,","FALSE,background_izakaya_storefront,none,none,izakaya",none,"-1,FALSE,FALSE,,FALSE",",,,",DEMO1,,",,,",",,,",,%player%,"-1,f,f,,f",1,4,9,85,0,0,0,0,0,0,-1,0,0,0,0,0,,,%player%: Now it’s my job to reopen this place after being closed for almost a year.,,,,,,,,,,,,
DEMO1_S1_L5,%player%,"I hope I can bring this place back to life, I hope I can live up to my parents’ reputation,...","%player%,%none%",",,,",",,,",",,,",",,,",",,,","FALSE,background_izakaya_storefront,none,none,izakaya",none,"-1,FALSE,FALSE,,FALSE",",,,",DEMO1,,",,,",",,,",,%player%,"-1,f,f,,f",1,5,9,105,0,0,0,0,0,0,-1,0,0,0,0,0,,,"%player%: I hope I can bring this place back to life, I hope I can live up to my parents’ reputation,...",,,,,,,,,,,,
DEMO1_S1_L6,%player%,And I hope… I can make up for the mistakes I’ve made all these years.,"%player%,%none%",",,,",",,,",",,,",",,,",",,,","FALSE,background_izakaya_storefront,none,none,izakaya",none,"-1,FALSE,FALSE,,FALSE",",,,",DEMO1,,",,,",",,,",,%player%,"-1,f,f,,f",1,6,9,80,0,0,0,0,0,0,-1,0,0,0,0,0,,,%player%: And I hope… I can make up for the mistakes I’ve made all these years.,,,,,,,,,,,,
DEMO1_S1_L7,%sibling%,"So… you really want to reopen this place, huh?","%sibling%,%none%",",,,",",,,",",,,","Sibling,stand_neutralmad,fade_in",",,,","TRUE,background_izakaya_interior_morning,none,none,none",none,"-1,FALSE,FALSE,,FALSE",",,,",DEMO1,,color_dimout,,,%sibling%,"-1,f,f,,f",1,7,10,59,136,59,0,0,0,0,-1,0,119,119,0,0,,,"%sibling%: So… you really want to reopen this place, huh? ||TRUE,background_izakaya_interior_morning,none,none,none|| **color_dimout** @@K Sibling,stand_neutralmad,fade_in @@K",,,,,,,,,,,,
DEMO1_S1_L8,%player%,"%sibling%! How’ve you been, $$Lil Sis|Big Bro$$?","%player%,%none%",",,,",",,,",",,,",",,,",",,,","FALSE,background_izakaya_interior_morning,none,none,none",none,"-1,FALSE,FALSE,,FALSE",",,,",DEMO1,,",,,",",,,",,%player%,"-1,f,f,,f",1,8,9,59,0,0,0,0,0,0,-1,0,0,0,0,0,,,"%player%: %sibling%! How’ve you been, $$Lil Sis|Big Bro$$?",,,,,,,,,,,,
DEMO1_S1_L9,%sibling%,Cut the small talk. I only came to make sure you’re serious about reopening this place.,"%sibling%,%none%",",,,",",,,",",,,",",,,",",,,","FALSE,background_izakaya_interior_morning,none,none,none",none,"-1,FALSE,FALSE,,FALSE",",,,",DEMO1,,",,,",",,,",,%sibling%,"-1,f,f,,f",1,9,10,99,0,0,0,0,0,0,-1,0,0,0,0,0,,,%sibling%: Cut the small talk. I only came to make sure you’re serious about reopening this place.,,,,,,,,,,,,
DEMO1_S1_L10,%player%,There’s no way I’d joke around. This is our parent's place.,"%player%,%none%",",,,",",,,",",,,",",,,",",,,","FALSE,background_izakaya_interior_morning,none,none,none",none,"-1,FALSE,FALSE,,FALSE",",,,",DEMO1,,",,,",",,,",,%player%,"-1,f,f,,f",1,10,9,70,0,0,0,0,0,0,-1,0,0,0,0,0,,,%player%: There’s no way I’d joke around. This is our parent's place.,,,,,,,,,,,,
DEMO1_S1_L11,%player%,I’ve got everything ready. I even went around and met the locals to promote the reopening.,"%player%,%none%",",,,",",,,",",,,",",,,",",,,","FALSE,background_izakaya_interior_morning,none,none,none",none,"-1,FALSE,FALSE,,FALSE",",,,",DEMO1,,",,,",",,,",,%player%,"-1,f,f,,f",1,11,9,101,0,0,0,0,0,0,-1,0,0,0,0,0,,,%player%: I’ve got everything ready. I even went around and met the locals to promote the reopening.,,,,,,,,,,,,
DEMO1_S1_L12,%sibling%,"Oh, really? If you’ve got everything ready… Did you restock the ingredients to open the shop?","%sibling%,%none%",",,,",",,,",",,,",",,,",",,,","FALSE,background_izakaya_interior_morning,none,none,none",none,"-1,FALSE,FALSE,,FALSE",",,,",DEMO1,,",,,",",,,",,%sibling%,"-1,f,f,,f",1,12,10,105,0,0,0,0,0,0,-1,0,0,0,0,0,,,"%sibling%: Oh, really? If you’ve got everything ready… Did you restock the ingredients to open the shop?",,,,,,,,,,,,
DEMO1_S1_L13,%player%,Ah! I… I forgot. I only restocked the drinks.,"%player%,%none%",",,,",",,,",",,,",",,,",",,,","FALSE,background_izakaya_interior_morning,none,none,none",none,"-1,FALSE,FALSE,,FALSE",",,,",DEMO1,,",,,",",,,",,%player%,"-1,f,f,,f",1,13,9,56,0,0,0,0,0,0,-1,0,0,0,0,0,,,%player%: Ah! I… I forgot. I only restocked the drinks.,,,,,,,,,,,,
DEMO1_S1_L14,%sibling%,Just as I thought…,"%sibling%,%none%",",,,",",,,",",,,","Sibling,stand_disappointed,none",",,,","FALSE,background_izakaya_interior_morning,none,none,none",none,"-1,FALSE,FALSE,,FALSE",",,,",DEMO1,,",,,",",,,",,%sibling%,"-1,f,f,,f",1,14,10,31,31,0,0,0,0,0,-1,0,0,0,0,0,,,"%sibling%: Just as I thought… @@K Sibling,stand_disappointed,none @@K",,,,,,,,,,,,
DEMO1_S1_L15,%sibling%,"Since this is just the demo, the shops in the market aren’t open yet.","%sibling%,%none%",",,,",",,,",",,,",",,,",",,,","FALSE,background_izakaya_interior_morning,none,none,none",none,"-1,FALSE,FALSE,,FALSE",",,,",DEMO1,,",,,",",,,",,%sibling%,"-1,f,f,,f",1,15,10,81,0,0,0,0,0,0,-1,0,0,0,0,0,,,"%sibling%: Since this is just the demo, the shops in the market aren’t open yet.",,,,,,,,,,,,
DEMO1_S1_L16,%sibling%,So I’ll bring you the ingredients for now. Here…,"%sibling%,%none%",",,,",",,,",",,,",",,,",",,,","FALSE,background_izakaya_interior_morning,none,none,none",none,"-1,FALSE,FALSE,,FALSE","Main,1,5",DEMO1,,",,,",",,,",,%sibling%,"-1,f,f,,f",1,16,10,61,0,0,0,0,61,0,-1,0,0,0,0,0,,,"%sibling%: So I’ll bring you the ingredients for now. Here… ++Main,1,5++",,,,,,,,,,,,
DEMO1_S1_L17,%sibling%,And here…,"%sibling%,%none%",",,,",",,,",",,,",",,,",",,,","FALSE,background_izakaya_interior_morning,none,none,none",none,"-1,FALSE,FALSE,,FALSE","Main,2,5",DEMO1,,",,,",",,,",,%sibling%,"-1,f,f,,f",1,17,10,22,0,0,0,0,22,0,-1,0,0,0,0,0,,,"%sibling%: And here… ++Main,2,5++",,,,,,,,,,,,
DEMO1_S1_L18,%sibling%,And… Here.,"%sibling%,%none%",",,,",",,,",",,,",",,,",",,,","FALSE,background_izakaya_interior_morning,none,none,none",none,"-1,FALSE,FALSE,,FALSE","Main,3,5",DEMO1,,",,,",",,,",,%sibling%,"-1,f,f,,f",1,18,10,23,0,0,0,0,23,0,-1,0,0,0,0,0,,,"%sibling%: And… Here. ++Main,3,5++",,,,,,,,,,,,
DEMO1_S1_L19,%player%,"Oh, thank you!","%player%,%none%",",,,",",,,",",,,",",,,",",,,","FALSE,background_izakaya_interior_morning,none,none,none",none,"-1,FALSE,FALSE,,FALSE",",,,",DEMO1,,",,,",",,,",,%player%,"-1,f,f,,f",1,19,9,25,0,0,0,0,0,0,-1,0,0,0,0,0,,,"%player%: Oh, thank you!",,,,,,,,,,,,
DEMO1_S1_L20,%sibling%,"Remember! Once the full game is released, you’ll have to buy the ingredients yourself at the market.","%sibling%,%none%",",,,",",,,",",,,",",,,",",,,","FALSE,background_izakaya_interior_morning,none,none,none",none,"-1,FALSE,FALSE,,FALSE",",,,",DEMO1,,",,,",",,,",,%sibling%,"-1,f,f,,f",1,20,10,112,0,0,0,0,0,0,-1,0,0,0,0,0,,,"%sibling%: Remember! Once the full game is released, you’ll have to buy the ingredients yourself at the market.",,,,,,,,,,,,
DEMO1_S1_L21,%sibling%,"For now, I’ll keep resupplying this place to make sure you have the best ingredients every day…","%sibling%,%none%",",,,",",,,",",,,",",,,",",,,","FALSE,background_izakaya_interior_morning,none,none,none",none,"-1,FALSE,FALSE,,FALSE",",,,",DEMO1,,",,,",",,,",,%sibling%,"-1,f,f,,f",1,21,10,107,0,0,0,0,0,0,-1,0,0,0,0,0,,,"%sibling%: For now, I’ll keep resupplying this place to make sure you have the best ingredients every day…",,,,,,,,,,,,
DEMO1_S1_L22,%sibling%,So we'll know exactly who to blame if this place fails.,"%sibling%,%none%",",,,",",,,",",,,","Sibling,stand_angry,none",",,,","FALSE,background_izakaya_interior_morning,none,none,none",none,"-1,FALSE,FALSE,,FALSE",",,,",DEMO1,,",,,",",,,",,%sibling%,"-1,f,f,,f",1,22,10,68,68,0,0,0,0,0,-1,0,0,0,0,0,,,"%sibling%: So we'll know exactly who to blame if this place fails. @@K Sibling,stand_angry,none @@K",,,,,,,,,,,,
DEMO1_S1_L23,%player%,…,"%player%,%none%",",,,",",,,",",,,","Sibling,stand_angry,fade_out",",,,","FALSE,background_izakaya_interior_morning,none,none,none",none,"-1,FALSE,FALSE,,FALSE",",,,",DEMO1,,",,,",",,,",,%player%,"-1,f,f,,f",1,23,9,13,13,0,0,0,0,0,-1,0,0,0,0,0,,,"%player%: … @@K Sibling,stand_angry,fade_out @@K",,,,,,,,,,,,
DEMO1_S1_L24,%player%,Looks like it’s going to take a while to fix our bond.,"%player%,%none%",",,,",",,,",",,,",",,,",",,,","FALSE,background_izakaya_interior_morning,none,none,none",none,"-1,FALSE,FALSE,,FALSE",",,,",DEMO1,,",,,",",,,",,%player%,"-1,f,f,,f",1,24,9,65,0,0,0,0,0,0,-1,0,0,0,0,0,,,%player%: Looks like it’s going to take a while to fix our bond.,,,,,,,,,,,,
DEMO1_S1_L25,%player%,But if I can show $$her|him$$ that I’m serious about running this place…,"%player%,%none%",",,,",",,,",",,,",",,,",",,,","FALSE,background_izakaya_interior_morning,none,none,none",none,"-1,FALSE,FALSE,,FALSE",",,,",DEMO1,,",,,",",,,",,%player%,"-1,f,f,,f",1,25,9,83,0,0,0,0,0,0,-1,0,0,0,0,0,,,%player%: But if I can show $$her|him$$ that I’m serious about running this place…,,,,,,,,,,,,
DEMO1_S1_L26,%player%,I’m sure $$she|he$$’ll give me a chance to explain everything.,"%player%,%none%",",,,",",,,",",,,",",,,",",,,","FALSE,background_izakaya_interior_morning,none,none,none",none,"-1,TRUE,TRUE,,FALSE",",,,",DEMO1,,",,,",",,,",,%player%,"-1,t,t,,f",1,26,9,73,0,0,0,73,0,0,-1,0,0,0,0,0,,,"%player%: I’m sure $$she|he$$’ll give me a chance to explain everything. ##-1,t,t,,f##",,,,,,,,,,,,
,,,",%none%",",,,",",,,",",,,",",,,",",,,","FALSE,background_izakaya_interior_morning,none,none,none",none,"-1,FALSE,FALSE,,FALSE",",,,",DEMO1,,",,,",",,,",,,"-1,f,f,,f",1,0,0,1,0,0,0,0,0,1,-1,0,0,0,0,0,,,&& TUTORIAL [Prepare for the Day] &&,,,,,,,,,,,,
,,DEMO Ver.4 Day 2,",%none%",",,,",",,,",",,,",",,,",",,,","FALSE,background_izakaya_interior_morning,none,none,none",none,"-1,FALSE,FALSE,,FALSE",",,,",DEMO1_2,,",,,",",,,",,,"-1,f,f,,f",1,0,0,18,0,0,0,0,0,0,18,0,0,0,0,0,,,DEMO Ver.4 Day 2 ==Demo1_2==,,,,,,,,,,,,
,,,",%none%",",,,",",,,",",,,",",,,",",,,","FALSE,background_izakaya_interior_morning,none,none,none",none,"-1,FALSE,FALSE,,FALSE",",,,",DEMO1_2,,",,,",",,,",,,"-1,f,f,,f",1,0,0,1,0,0,0,0,0,1,-1,0,0,0,0,0,,,&& This part will be played when the player wakes up in the morning Day 2. &&,,,,,,,,,,,,
DEMO1_2_S1_L1,Alarm,RIIIIINGGG!!!,"Alarm,%none%",",,,",",,,",",,,",",,,",",,,","TRUE,background_izakaya_home_noon,none,none,none",none,"-1,FALSE,FALSE,,FALSE",",,,",DEMO1_2,,color_dimout,,,Alarm,"-1,f,f,,f",1,1,6,22,0,47,0,0,0,0,-1,0,30,22,0,0,,,"Alarm: RIIIIINGGG!!! *alarm* **color_dimout** ||TRUE,background_izakaya_home_noon,none,none,none||",,,,,,,,,,,,
DEMO1_2_S1_L2,%player%,Ugh… I overslept.,"%player%,%none%",",,,",",,,",",,,",",,,",",,,","FALSE,background_izakaya_home_noon,none,none,none",none,"-1,FALSE,FALSE,,FALSE",",,,",DEMO1_2,,",,,",",,,",,%player%,"-1,f,f,,f",1,2,9,28,0,0,0,0,0,0,-1,0,0,0,0,0,,,%player%: Ugh… I overslept.,,,,,,,,,,,,
DEMO1_2_S1_L3,%player%,Yesterday was not as good as I expected. But I should get the place ready so we can draw in more customers.,"%player%,%none%",",,,",",,,",",,,",",,,",",,,","FALSE,background_izakaya_home_noon,none,none,none",none,"-1,FALSE,FALSE,,FALSE",",,,",DEMO1_2,,color_dimin,,,%player%,"-1,f,f,,f",1,3,9,119,0,0,0,0,0,0,-1,0,119,119,0,0,,,%player%: Yesterday was not as good as I expected. But I should get the place ready so we can draw in more customers. **color_dimin**,,,,,,,,,,,,
DEMO1_2_S1_L4,%player%,...,"%player%,%none%",",,,",",,,",",,,",",,,",",,,","FALSE,background_izakaya_home_noon,none,none,none",none,"-1,FALSE,FALSE,,FALSE",",,,",DEMO1_2,,",,,",cleaning_shop,,%player%,"-1,f,f,,f",1,4,9,15,0,0,0,0,0,0,-1,0,0,15,0,0,,,%player%: ... *cleaning_shop*,,,,,,,,,,,,
DEMO1_2_S1_L5,%player%,...,"%player%,%none%",",,,",",,,",",,,",",,,",",,,","FALSE,background_izakaya_home_noon,none,none,none",none,"-1,FALSE,FALSE,,FALSE",",,,",DEMO1_2,,",,,",shower,,%player%,"-1,f,f,,f",1,5,9,15,0,0,0,0,0,0,-1,0,0,15,0,0,,,%player%: ... *shower*,,,,,,,,,,,,
DEMO1_2_S1_L6,%player%,"Alright, everything’s clean now.","%player%,%none%",",,,",",,,",",,,",",,,",",,,","TRUE,background_izakaya_interior_noon,none,none,none",none,"-1,FALSE,FALSE,,FALSE",",,,",DEMO1_2,,color_dimout,,,%player%,"-1,f,f,,f",1,6,9,44,0,44,0,0,0,0,-1,0,101,101,0,0,,,"%player%: Alright, everything’s clean now. ||TRUE,background_izakaya_interior_noon,none,none,none|| **color_dimout**",,,,,,,,,,,,
DEMO1_2_S1_L7,%player%,"Oh! Morning, $$Sis|Bro$$.","%player%,%none%",",,,",",,,",",,,","Sibling,stand_neutralmad,fade_in",",,,","FALSE,background_izakaya_interior_noon,none,none,none",none,"-1,FALSE,FALSE,,FALSE",",,,",DEMO1_2,,door_opening,,,%player%,"-1,f,f,,f",1,7,9,37,54,0,0,0,0,0,-1,0,37,37,0,0,,,"%player%: Oh! Morning, $$Sis|Bro$$. **door_opening** @@K Sibling,stand_neutralmad,fade_in @@K",,,,,,,,,,,,
DEMO1_2_S1_L8,%sibling%,Morning? It’s noon already.,"%sibling%,%none%",",,,",",,,",",,,","Sibling,stand_disappointed,none",",,,","FALSE,background_izakaya_interior_noon,none,none,none",none,"-1,FALSE,FALSE,,FALSE",",,,",DEMO1_2,,",,,",",,,",,%sibling%,"-1,f,f,,f",1,8,10,40,40,0,0,0,0,0,-1,0,0,0,0,0,,,"%sibling%: Morning? It’s noon already. @@K Sibling,stand_disappointed,none @@K",,,,,,,,,,,,
DEMO1_2_S1_L9,%sibling%,"Looks like it’s not just your brain that’s missing, your sense of time too.","%sibling%,%none%",",,,",",,,",",,,",",,,",",,,","FALSE,background_izakaya_interior_noon,none,none,none",none,"-1,FALSE,FALSE,,FALSE",",,,",DEMO1_2,,",,,",",,,",,%sibling%,"-1,f,f,,f",1,9,10,87,0,0,0,0,0,0,-1,0,0,0,0,0,,,"%sibling%: Looks like it’s not just your brain that’s missing, your sense of time too.",,,,,,,,,,,,
DEMO1_2_S1_L10,%player%,Hehehe… sorry. I overslept after opening the shop yesterday.,"%player%,%none%",",,,",",,,",",,,",",,,",",,,","FALSE,background_izakaya_interior_noon,none,none,none",none,"-1,FALSE,FALSE,,FALSE",",,,",DEMO1_2,,",,,",",,,",,%player%,"-1,f,f,,f",1,10,9,71,0,0,0,0,0,0,-1,0,0,0,0,0,,,%player%: Hehehe… sorry. I overslept after opening the shop yesterday.,,,,,,,,,,,,
DEMO1_2_S1_L11,%sibling%,"Whatever. Here, today’s ingredients.","%sibling%,%none%",",,,",",,,",",,,","Sibling,stand_neutralmad,none",",,,","FALSE,background_izakaya_interior_noon,none,none,none",none,"-1,FALSE,FALSE,,FALSE",",,,",DEMO1_2,,",,,",",,,",,%sibling%,"-1,f,f,,f",1,11,10,49,49,0,0,0,0,0,-1,0,0,0,0,0,,,"%sibling%: Whatever. Here, today’s ingredients. @@K Sibling,stand_neutralmad,none @@K",,,,,,,,,,,,
DEMO1_2_S1_L12,%player%,Thank you. Let's see…,"%player%,%none%",",,,",",,,",",,,",",,,",",,,","FALSE,background_izakaya_interior_noon,none,none,none",none,"-1,FALSE,FALSE,,FALSE",",,,",DEMO1_2,,",,,",",,,",,%player%,"-1,f,f,,f",1,12,9,32,0,0,0,0,0,0,-1,0,0,0,0,0,,,%player%: Thank you. Let's see…,,,,,,,,,,,,
DEMO1_2_S1_L13,%player%,Red Meat…,"%player%,%none%",",,,",",,,",",,,",",,,",",,,","FALSE,background_izakaya_interior_noon,none,none,none",none,"-1,FALSE,FALSE,,FALSE","Main,1,5",DEMO1_2,,",,,",",,,",,%player%,"-1,f,f,,f",1,13,9,21,0,0,0,0,21,0,-1,0,0,0,0,0,,,"%player%: Red Meat… ++Main,1,5++",,,,,,,,,,,,
DEMO1_2_S1_L14,%player%,Poultry…,"%player%,%none%",",,,",",,,",",,,",",,,",",,,","FALSE,background_izakaya_interior_noon,none,none,none",none,"-1,FALSE,FALSE,,FALSE","Main,2,5",DEMO1_2,,",,,",",,,",,%player%,"-1,f,f,,f",1,14,9,20,0,0,0,0,20,0,-1,0,0,0,0,0,,,"%player%: Poultry… ++Main,2,5++",,,,,,,,,,,,
DEMO1_2_S1_L15,%player%,Seafood…,"%player%,%none%",",,,",",,,",",,,",",,,",",,,","FALSE,background_izakaya_interior_noon,none,none,none",none,"-1,FALSE,FALSE,,FALSE","Main,3,5",DEMO1_2,,",,,",",,,",,%player%,"-1,f,f,,f",1,15,9,20,0,0,0,0,20,0,-1,0,0,0,0,0,,,"%player%: Seafood… ++Main,3,5++",,,,,,,,,,,,
DEMO1_2_S1_L16,%player%,And what is this?,"%player%,%none%",",,,",",,,",",,,",",,,",",,,","FALSE,background_izakaya_interior_noon,none,none,none",none,"-1,FALSE,FALSE,,FALSE",",,,",DEMO1_2,,",,,",",,,",,%player%,"-1,f,f,,f",1,16,9,28,0,0,0,0,0,0,-1,0,0,0,0,0,,,%player%: And what is this?,,,,,,,,,,,,
DEMO1_2_S1_L17,%sibling%,That’s Shoyu. The seasoning that Dad always asked me to buy.,"%sibling%,%none%",",,,",",,,",",,,",",,,",",,,","FALSE,background_izakaya_interior_noon,none,none,none",none,"-1,FALSE,FALSE,,FALSE","Seasoning,15,1",DEMO1_2,,",,,",",,,",,%sibling%,"-1,f,f,,f",1,17,10,73,0,0,0,0,73,0,-1,0,0,0,0,0,,,"%sibling%: That’s Shoyu. The seasoning that Dad always asked me to buy. ++Seasoning,15,1++",,,,,,,,,,,,
DEMO1_2_S1_L18,%player%,Thank you!,"%player%,%none%",",,,",",,,",",,,",",,,",",,,","FALSE,background_izakaya_interior_noon,none,none,none",none,"-1,FALSE,FALSE,,FALSE",",,,",DEMO1_2,,",,,",",,,",,%player%,"-1,f,f,,f",1,18,9,21,0,0,0,0,0,0,-1,0,0,0,0,0,,,%player%: Thank you!,,,,,,,,,,,,
DEMO1_2_S1_L19,%sibling%,"So, how was ‘the grand reopening’?","%sibling%,%none%",",,,",",,,",",,,","Sibling,stand_disappointed,none",",,,","FALSE,background_izakaya_interior_noon,none,none,none",none,"-1,FALSE,FALSE,,FALSE",",,,",DEMO1_2,,",,,",",,,",,%sibling%,"-1,f,f,,f",1,19,10,47,47,0,0,0,0,0,-1,0,0,0,0,0,,,"%sibling%: So, how was ‘the grand reopening’? @@K Sibling,stand_disappointed,none @@K",,,,,,,,,,,,
DEMO1_2_S1_L20,%player%,Not as good as expected…,"%player%,%none%",",,,",",,,",",,,",",,,",",,,","FALSE,background_izakaya_interior_noon,none,none,none",none,"-1,FALSE,FALSE,,FALSE",",,,",DEMO1_2,,",,,",",,,",,%player%,"-1,f,f,,f",1,20,9,35,0,0,0,0,0,0,-1,0,0,0,0,0,,,%player%: Not as good as expected…,,,,,,,,,,,,
DEMO1_2_S1_L21,%player%,But honestly… I feel pretty satisfied. Reopening this place feels like the right way to honor Dad.,"%player%,%none%",",,,",",,,",",,,",",,,",",,,","FALSE,background_izakaya_interior_noon,none,none,none",none,"-1,FALSE,FALSE,,FALSE",",,,",DEMO1_2,,",,,",",,,",,%player%,"-1,f,f,,f",1,21,9,109,0,0,0,0,0,0,-1,0,0,0,0,0,,,%player%: But honestly… I feel pretty satisfied. Reopening this place feels like the right way to honor Dad.,,,,,,,,,,,,
DEMO1_2_S1_L22,%sibling%,Honor Dad?,"%sibling%,%none%",",,,",",,,",",,,",",,,",",,,","FALSE,background_izakaya_interior_noon,none,none,none",none,"-1,FALSE,FALSE,,FALSE",",,,",DEMO1_2,,",,,",",,,",,%sibling%,"-1,f,f,,f",1,22,10,22,0,0,0,0,0,0,-1,0,0,0,0,0,,,%sibling%: Honor Dad?,,,,,,,,,,,,
DEMO1_2_S1_L23,%sibling%,If you want to honor him…,"%sibling%,%none%",",,,",",,,",",,,",",,,",",,,","FALSE,background_izakaya_interior_noon,none,none,none",none,"-1,FALSE,FALSE,,FALSE",",,,",DEMO1_2,,",,,",",,,",,%sibling%,"-1,f,f,,f",1,23,10,37,0,0,0,0,0,0,-1,0,0,0,0,0,,,%sibling%: If you want to honor him…,,,,,,,,,,,,
DEMO1_2_S1_L24,%sibling%,Where were you LAST WEEK?,"%sibling%,%none%",",,,",",,,",",,,","Sibling,stand_furious,none",",,,","FALSE,background_izakaya_interior_noon,none,none,none",none,"-1,FALSE,FALSE,,FALSE",",,,",DEMO1_2,,",,,",",,,",,%sibling%,"-1,f,f,,f",1,24,10,38,38,0,0,0,0,0,-1,0,0,0,0,0,,,"%sibling%: Where were you LAST WEEK? @@K Sibling,stand_furious,none @@K",,,,,,,,,,,,
DEMO1_2_S1_L25,%sibling%,WHERE WERE YOU DURING DAD’S NGABEN CEREMONY?,"%sibling%,%none%",",,,",",,,",",,,",",,,",",,,","FALSE,background_izakaya_interior_noon,none,none,none",none,"-1,FALSE,FALSE,,FALSE",",,,",DEMO1_2,,",,,",",,,",,%sibling%,"-1,f,f,,f",1,25,10,56,0,0,0,0,0,0,-1,0,0,0,0,0,,,%sibling%: WHERE WERE YOU DURING DAD’S NGABEN CEREMONY?,,,,,,,,,,,,
DEMO1_2_S1_L26,%sibling%,WHERE WERE YOU WHEN HE WAS CARRIED TO THE CREMATION GROUND?,"%sibling%,%none%",",,,",",,,",",,,",",,,",",,,","FALSE,background_izakaya_interior_noon,none,none,none",demochoice2,"-1,FALSE,FALSE,,FALSE",",,,",DEMO1_2,,",,,",",,,",,%sibling%,"-1,f,f,,f",1,26,10,72,0,0,72,0,0,0,-1,0,0,0,0,0,,,%sibling%: WHERE WERE YOU WHEN HE WAS CARRIED TO THE CREMATION GROUND? >>demochoice2>>,,,,,,,,,,,,
DEMO1_2_S1_L27,BUTTON1,Does it even matter? - (Hollow),"BUTTON1,%none%",",,,",",,,",",,,",",,,",",,,","FALSE,background_izakaya_interior_noon,none,none,none",none,"-1,FALSE,FALSE,,FALSE",",,,",DEMO1_2,DEMO2COLD,",,,",",,,",,BUTTON1,"-1,f,f,,f",1,27,8,43,0,0,0,0,0,0,-1,43,0,0,0,0,,,BUTTON1: Does it even matter? - (Hollow)  <<demo2cold<<,,,,,,,,,,,,
DEMO1_2_S1_L28,BUTTON2,"Believe me, I wanted to come. But… - (Regret)","BUTTON2,%none%",",,,",",,,",",,,",",,,",",,,","FALSE,background_izakaya_interior_noon,none,none,none",none,"-1,FALSE,FALSE,,FALSE",",,,",DEMO1_2,DEMO2WARM,",,,",",,,",,BUTTON2,"-1,f,f,,f",1,28,8,56,0,0,0,0,0,0,-1,56,0,0,0,0,,,"BUTTON2: Believe me, I wanted to come. But… - (Regret) <<demo2warm<<",,,,,,,,,,,,
DEMO1_2_S1_L29,BUTTON3,I was on an official mission. Hehehe. - (Joking),"BUTTON3,%none%",",,,",",,,",",,,",",,,",",,,","FALSE,background_izakaya_interior_noon,none,none,none",none,"-1,FALSE,FALSE,,FALSE",",,,",DEMO1_2,DEMO2PLAYFULL,",,,",",,,",,BUTTON3,"-1,f,f,,f",1,29,8,59,0,0,0,0,0,0,-1,59,0,0,0,0,,,BUTTON3: I was on an official mission. Hehehe. - (Joking) <<demo2playfull<<,,,,,,,,,,,,
DEMO2COLD_S1_L0,%player%,Does it even matter?,"%player%,%none%",",,,",",,,",",,,","Sibling,stand_angry,none",",,,","FALSE,background_izakaya_interior_noon,none,none,none",none,"-1,FALSE,FALSE,,FALSE",",,,",DEMO2COLD,,",,,",",,,",,%player%,"-1,f,f,,f",1,0,9,32,32,0,0,0,0,0,65,0,0,0,0,0,,,"%player%: Does it even matter? @@K Sibling,stand_angry,none @@K ==demo2cold==",,,,,,,,,,,,
DEMO2COLD_S1_L1,%player%,Even if I told you what happened...,"%player%,%none%",",,,",",,,",",,,",",,,",",,,","FALSE,background_izakaya_interior_noon,none,none,none",demochoice2a,"-1,FALSE,FALSE,,FALSE",",,,",DEMO2COLD,,",,,",",,,",,%player%,"-1,f,f,,f",1,1,9,48,0,0,48,0,0,0,-1,0,0,0,0,0,,,%player%: Even if I told you what happened...  >>demochoice2a>>,,,,,,,,,,,,
DEMO2COLD_S1_L2,BUTTON1,It wouldn't change the fact that I didn't come to Dad's funeral. - (Regret),"BUTTON1,%none%",",,,",",,,",",,,",",,,",",,,","FALSE,background_izakaya_interior_noon,none,none,none",none,"-1,FALSE,FALSE,,FALSE",",,,",DEMO2COLD,ENDDEMOCHOICE2,",,,",",,,",,BUTTON1,"-1,f,f,,f",1,2,8,87,0,0,0,0,0,0,-1,87,0,0,0,0,,,BUTTON1: It wouldn't change the fact that I didn't come to Dad's funeral. - (Regret)  <<enddemochoice2<<,,,,,,,,,,,,
DEMO2COLD_S1_L3,BUTTON2,That mistake can’t be undone. - (Reflective),"BUTTON2,%none%",",,,",",,,",",,,",",,,",",,,","FALSE,background_izakaya_interior_noon,none,none,none",none,"-1,FALSE,FALSE,,FALSE",",,,",DEMO2COLD,ENDDEMOCHOICE2,",,,",",,,",,BUTTON2,"-1,f,f,,f",1,3,8,55,0,0,0,0,0,0,-1,55,0,0,0,0,,,BUTTON2: That mistake can’t be undone. - (Reflective) <<enddemochoice2<<,,,,,,,,,,,,
DEMO2WARM_S1_L0,%player%,"Believe me, I wanted to come. But…","%player%,%none%",",,,",",,,",",,,","Sibling,stand_angry,none",",,,","FALSE,background_izakaya_interior_noon,none,none,none",none,"-1,FALSE,FALSE,,FALSE",",,,",DEMO2WARM,,",,,",",,,",,%player%,"-1,f,f,,f",1,0,9,46,46,0,0,0,0,0,79,0,0,0,0,0,,,"%player%: Believe me, I wanted to come. But… @@K Sibling,stand_angry,none @@K ==demo2warm==",,,,,,,,,,,,
DEMO2WARM_S1_L1,%sibling%,But what? Was there something more important than your own father’s funeral?,"%sibling%,%none%",",,,",",,,",",,,","Sibling,stand_furious,none",",,,","FALSE,background_izakaya_interior_noon,none,none,none",demochoice2b,"-1,FALSE,FALSE,,FALSE",",,,",DEMO2WARM,,",,,",",,,",,%sibling%,"-1,f,f,,f",1,1,10,89,89,0,124,0,0,0,-1,0,0,0,0,0,,,"%sibling%: But what? Was there something more important than your own father’s funeral? @@K Sibling,stand_furious,none @@K >>demochoice2b>>",,,,,,,,,,,,
DEMO2WARM_S1_L2,BUTTON1,… - (Keep silent),"BUTTON1,%none%",",,,",",,,",",,,",",,,",",,,","FALSE,background_izakaya_interior_noon,none,none,none",none,"-1,FALSE,FALSE,,FALSE",",,,",DEMO2WARM,ENDDEMOCHOICE2,",,,",",,,",,BUTTON1,"-1,f,f,,f",1,2,8,28,0,0,0,0,0,0,-1,28,0,0,0,0,,,BUTTON1: … - (Keep silent) <<enddemochoice2<<,,,,,,,,,,,,
DEMO2WARM_S1_L3,BUTTON2,Actually I… - (Tell the truth),"BUTTON2,%none%",",,,",",,,",",,,",",,,",",,,","FALSE,background_izakaya_interior_noon,none,none,none",none,"-1,FALSE,FALSE,,FALSE",",,,",DEMO2WARM,ENDDEMOCHOICE2,",,,",",,,",,BUTTON2,"-1,f,f,,f",1,3,8,41,0,0,0,0,0,0,-1,41,0,0,0,0,,,BUTTON2: Actually I… - (Tell the truth) <<enddemochoice2<<,,,,,,,,,,,,
DEMO2PLAYFULL_S1_L0,%player%,I was on an official mission. Hehehe…,"%player%,%none%",",,,",",,,",",,,","Sibling,stand_angry,none",",,,","FALSE,background_izakaya_interior_noon,none,none,none",none,"-1,FALSE,FALSE,,FALSE",",,,",DEMO2PLAYFULL,,",,,",",,,",,%player%,"-1,f,f,,f",1,0,9,49,49,0,0,0,0,0,82,0,0,0,0,0,,,"%player%: I was on an official mission. Hehehe… @@K Sibling,stand_angry,none @@K ==demo2playfull==",,,,,,,,,,,,
DEMO2PLAYFULL_S1_L1,%player%,Directly from Mr. President.,"%player%,%none%",",,,",",,,",",,,",",,,",",,,","FALSE,background_izakaya_interior_noon,none,none,none",none,"-1,FALSE,FALSE,,FALSE",",,,",DEMO2PLAYFULL,,",,,",",,,",,%player%,"-1,f,f,,f",1,1,9,39,0,0,0,0,0,0,-1,0,0,0,0,0,,,%player%: Directly from Mr. President.,,,,,,,,,,,,
DEMO2PLAYFULL_S1_L2,%sibling%,You think losing Dad was a joke?!,"%sibling%,%none%",",,,",",,,",",,,","Sibling,stand_furious,none",",,,","FALSE,background_izakaya_interior_noon,none,none,none",none,"-1,FALSE,FALSE,,FALSE",",,,",DEMO2PLAYFULL,,",,,",",,,",,%sibling%,"-1,f,f,,f",1,2,10,46,46,0,0,0,0,0,-1,0,0,0,0,0,,,"%sibling%: You think losing Dad was a joke?! @@K Sibling,stand_furious,none @@K",,,,,,,,,,,,
DEMO2PLAYFULL_S1_L3,%player%,What? No! That’s not what I meant. I just...,"%player%,%none%",",,,",",,,",",,,",",,,",",,,","FALSE,background_izakaya_interior_noon,none,none,none",demochoice2c,"-1,FALSE,FALSE,,FALSE",",,,",DEMO2PLAYFULL,,",,,",",,,",,%player%,"-1,f,f,,f",1,3,9,56,0,0,56,0,0,0,-1,0,0,0,0,0,,,%player%: What? No! That’s not what I meant. I just... >>demochoice2c>>,,,,,,,,,,,,
DEMO2PLAYFULL_S1_L4,BUTTON1,I tried to ease the mood. - (Lighten the mood),"BUTTON1,%none%",",,,",",,,",",,,",",,,",",,,","FALSE,background_izakaya_interior_noon,none,none,none",none,"-1,FALSE,FALSE,,FALSE",",,,",DEMO2PLAYFULL,ENDDEMOCHOICE2,",,,",",,,",,BUTTON1,"-1,f,f,,f",1,4,8,57,0,0,0,0,0,0,-1,57,0,0,0,0,,,BUTTON1: I tried to ease the mood. - (Lighten the mood) <<enddemochoice2<<,,,,,,,,,,,,
DEMO2PLAYFULL_S1_L5,BUTTON2,I’m sorry. - (Guilty),"BUTTON2,%none%",",,,",",,,",",,,",",,,",",,,","FALSE,background_izakaya_interior_noon,none,none,none",none,"-1,FALSE,FALSE,,FALSE",",,,",DEMO2PLAYFULL,ENDDEMOCHOICE2,",,,",",,,",,BUTTON2,"-1,f,f,,f",1,5,8,32,0,0,0,0,0,0,-1,32,0,0,0,0,,,BUTTON2: I’m sorry. - (Guilty) <<enddemochoice2<<,,,,,,,,,,,,
ENDDEMOCHOICE2_S1_L0,%sibling%,You...,"%sibling%,%none%",",,,",",,,",",,,","Sibling,stand_angry,none",",,,","FALSE,background_izakaya_interior_noon,none,none,none",none,"-1,FALSE,FALSE,,FALSE",",,,",ENDDEMOCHOICE2,,",,,",",,,",,%sibling%,"-1,f,f,,f",1,0,10,19,19,0,0,0,0,0,52,0,0,0,0,0,,,"%sibling%: You... @@K Sibling,stand_angry,none @@K ==enddemochoice2==",,,,,,,,,,,,
ENDDEMOCHOICE2_S1_L1,%sibling%,Do you even remember how long you’ve been gone?,"%sibling%,%none%",",,,",",,,",",,,",",,,",",,,","FALSE,background_izakaya_interior_noon,none,none,none",none,"-1,FALSE,FALSE,,FALSE",",,,",ENDDEMOCHOICE2,,",,,",",,,",,%sibling%,"-1,f,f,,f",1,1,10,59,0,0,0,0,0,0,-1,0,0,0,0,0,,,%sibling%: Do you even remember how long you’ve been gone?,,,,,,,,,,,,
ENDDEMOCHOICE2_S1_L2,%sibling%,TEN YEARS!,"%sibling%,%none%",",,,",",,,",",,,","Sibling,stand_furious,none",",,,","FALSE,background_izakaya_interior_noon,none,none,none",none,"-1,FALSE,FALSE,,FALSE",",,,",ENDDEMOCHOICE2,,",,,",",,,",,%sibling%,"-1,f,f,,f",1,2,10,23,23,0,0,0,0,0,-1,0,0,0,0,0,,,"%sibling%: TEN YEARS! @@K Sibling,stand_furious,none @@K",,,,,,,,,,,,
ENDDEMOCHOICE2_S1_L3,%sibling%,Ten years you vanished without a single word… Then suddenly you just show up and decide to reopen Dad’s izakaya.,"%sibling%,%none%",",,,",",,,",",,,",",,,",",,,","FALSE,background_izakaya_interior_noon,none,none,none",none,"-1,FALSE,FALSE,,FALSE",",,,",ENDDEMOCHOICE2,,",,,",",,,",,%sibling%,"-1,f,f,,f",1,3,10,124,0,0,0,0,0,0,-1,0,0,0,0,0,,,%sibling%: Ten years you vanished without a single word… Then suddenly you just show up and decide to reopen Dad’s izakaya.,,,,,,,,,,,,
ENDDEMOCHOICE2_S1_L4,%sibling%,And now you decide to apologize? That’s rich!,"%sibling%,%none%",",,,",",,,",",,,",",,,",",,,","FALSE,background_izakaya_interior_noon,none,none,none",none,"-1,FALSE,FALSE,,FALSE",",,,",ENDDEMOCHOICE2,,",,,",",,,",,%sibling%,"-1,f,f,,f",1,4,10,57,0,0,0,0,0,0,-1,0,0,0,0,0,,,%sibling%: And now you decide to apologize? That’s rich!,,,,,,,,,,,,
ENDDEMOCHOICE2_S1_L5,%player%,…,"%player%,%none%",",,,",",,,",",,,",",,,",",,,","FALSE,background_izakaya_interior_noon,none,none,none",none,"-1,FALSE,FALSE,,FALSE",",,,",ENDDEMOCHOICE2,,",,,",",,,",,%player%,"-1,f,f,,f",1,5,9,12,0,0,0,0,0,0,-1,0,0,0,0,0,,,%player%: …,,,,,,,,,,,,
ENDDEMOCHOICE2_S1_L6,%player%,You’re right. I don’t expect to be forgiven that easily.,"%player%,%none%",",,,",",,,",",,,","Sibling,stand_angry,none",",,,","FALSE,background_izakaya_interior_noon,none,none,none",none,"-1,FALSE,FALSE,,FALSE",",,,",ENDDEMOCHOICE2,,",,,",",,,",,%player%,"-1,f,f,,f",1,6,9,68,68,0,0,0,0,0,-1,0,0,0,0,0,,,"%player%: You’re right. I don’t expect to be forgiven that easily. @@K Sibling,stand_angry,none @@K",,,,,,,,,,,,
ENDDEMOCHOICE2_S1_L7,%player%,But… give me a chance to fix it.,"%player%,%none%",",,,",",,,",",,,",",,,",",,,","FALSE,background_izakaya_interior_noon,none,none,none",none,"-1,FALSE,FALSE,,FALSE",",,,",ENDDEMOCHOICE2,,",,,",",,,",,%player%,"-1,f,f,,f",1,7,9,43,0,0,0,0,0,0,-1,0,0,0,0,0,,,%player%: But… give me a chance to fix it.,,,,,,,,,,,,
ENDDEMOCHOICE2_S1_L8,%player%,I know you’ve sacrificed a lot to take care of Dad.,"%player%,%none%",",,,",",,,",",,,",",,,",",,,","FALSE,background_izakaya_interior_noon,none,none,none",none,"-1,FALSE,FALSE,,FALSE",",,,",ENDDEMOCHOICE2,,",,,",",,,",,%player%,"-1,f,f,,f",1,8,9,62,0,0,0,0,0,0,-1,0,0,0,0,0,,,%player%: I know you’ve sacrificed a lot to take care of Dad.,,,,,,,,,,,,
ENDDEMOCHOICE2_S1_L9,%player%,Dad told me everything when I called him in the hospital a few months ago.,"%player%,%none%",",,,",",,,",",,,","Sibling,stand_neutralmad,none",",,,","FALSE,background_izakaya_interior_noon,none,none,none",none,"-1,FALSE,FALSE,,FALSE",",,,",ENDDEMOCHOICE2,,",,,",",,,",,%player%,"-1,f,f,,f",1,9,9,86,86,0,0,0,0,0,-1,0,0,0,0,0,,,"%player%: Dad told me everything when I called him in the hospital a few months ago. @@K Sibling,stand_neutralmad,none @@K",,,,,,,,,,,,
ENDDEMOCHOICE2_S1_L10,%player%,"He said you withdrew from the residency program just to look after him, sacrificing your opportunity to become Psionologist.","%player%,%none%",",,,",",,,",",,,",",,,",",,,","FALSE,background_izakaya_interior_noon,none,none,none",none,"-1,FALSE,FALSE,,FALSE",",,,",ENDDEMOCHOICE2,,",,,",",,,",,%player%,"-1,f,f,,f",1,10,9,135,0,0,0,0,0,0,-1,0,0,0,0,0,,,"%player%: He said you withdrew from the residency program just to look after him, sacrificing your opportunity to become Psionologist.",,,,,,,,,,,,
ENDDEMOCHOICE2_S1_L11,%player%,Dad was also worried you’d leave the hospital because the izakaya had been left closed for too long.,"%player%,%none%",",,,",",,,",",,,",",,,",",,,","FALSE,background_izakaya_interior_noon,none,none,none",none,"-1,FALSE,FALSE,,FALSE",",,,",ENDDEMOCHOICE2,,",,,",",,,",,%player%,"-1,f,f,,f",1,11,9,111,0,0,0,0,0,0,-1,0,0,0,0,0,,,%player%: Dad was also worried you’d leave the hospital because the izakaya had been left closed for too long.,,,,,,,,,,,,
ENDDEMOCHOICE2_S1_L12,%player%,That’s why I quit the Nusantara Police Department and came back here.,"%player%,%none%",",,,",",,,",",,,",",,,",",,,","FALSE,background_izakaya_interior_noon,none,none,none",none,"-1,FALSE,FALSE,,FALSE",",,,",ENDDEMOCHOICE2,,",,,",",,,",,%player%,"-1,f,f,,f",1,12,9,80,0,0,0,0,0,0,-1,0,0,0,0,0,,,%player%: That’s why I quit the Nusantara Police Department and came back here.,,,,,,,,,,,,
ENDDEMOCHOICE2_S1_L13,%player%,I’ll run our parents’ izakaya so you can focus on your career.,"%player%,%none%",",,,",",,,",",,,",",,,",",,,","FALSE,background_izakaya_interior_noon,none,none,none",none,"-1,FALSE,FALSE,,FALSE",",,,",ENDDEMOCHOICE2,,",,,",",,,",,%player%,"-1,f,f,,f",1,13,9,73,0,0,0,0,0,0,-1,0,0,0,0,0,,,%player%: I’ll run our parents’ izakaya so you can focus on your career.,,,,,,,,,,,,
ENDDEMOCHOICE2_S1_L14,%sibling%,Ugh… Did you think my career was over because I was taking care of dad?,"%sibling%,%none%",",,,",",,,",",,,","Sibling,stand_disappointed,none",",,,","FALSE,background_izakaya_interior_noon,none,none,none",none,"-1,FALSE,FALSE,,FALSE",",,,",ENDDEMOCHOICE2,,",,,",",,,",,%sibling%,"-1,f,f,,f",1,14,10,84,84,0,0,0,0,0,-1,0,0,0,0,0,,,"%sibling%: Ugh… Did you think my career was over because I was taking care of dad? @@K Sibling,stand_disappointed,none @@K",,,,,,,,,,,,
ENDDEMOCHOICE2_S1_L15,%sibling%,I can still be a psionologist you know!,"%sibling%,%none%",",,,",",,,",",,,","Sibling,stand_angry,none",",,,","FALSE,background_izakaya_interior_noon,none,none,none",none,"-1,FALSE,FALSE,,FALSE",",,,",ENDDEMOCHOICE2,,",,,",",,,",,%sibling%,"-1,f,f,,f",1,15,10,52,52,0,0,0,0,0,-1,0,0,0,0,0,,,"%sibling%: I can still be a psionologist you know! @@K Sibling,stand_angry,none @@K",,,,,,,,,,,,
ENDDEMOCHOICE2_S1_L16,%sibling%,"In fact, I know some senior doctors who could guide me to become a psionologist.","%sibling%,%none%",",,,",",,,",",,,",",,,",",,,","FALSE,background_izakaya_interior_noon,none,none,none",none,"-1,FALSE,FALSE,,FALSE",",,,",ENDDEMOCHOICE2,,",,,",",,,",,%sibling%,"-1,f,f,,f",1,16,10,92,0,0,0,0,0,0,-1,0,0,0,0,0,,,"%sibling%: In fact, I know some senior doctors who could guide me to become a psionologist.",,,,,,,,,,,,
ENDDEMOCHOICE2_S1_L17,%sibling%,"So, if guilt is the only reason you reopen Oasis, then you should GO BACK TO YOUR BARRACKS!","%sibling%,%none%",",,,",",,,",",,,","Sibling,stand_furious,none",",,,","FALSE,background_izakaya_interior_noon,none,none,none",none,"-1,FALSE,FALSE,,FALSE",",,,",ENDDEMOCHOICE2,,",,,",",,,",,%sibling%,"-1,f,f,,f",1,17,10,104,104,0,0,0,0,0,-1,0,0,0,0,0,,,"%sibling%: So, if guilt is the only reason you reopen Oasis, then you should GO BACK TO YOUR BARRACKS! @@K Sibling,stand_furious,none @@K",,,,,,,,,,,,
ENDDEMOCHOICE2_S1_L18,%player%,Ugh…,"%player%,%none%",",,,",",,,",",,,","Sibling,stand_furious,fade_out",",,,","FALSE,background_izakaya_interior_noon,none,none,none",none,"-1,FALSE,FALSE,,FALSE",",,,",ENDDEMOCHOICE2,,door_opening,,,%player%,"-1,f,f,,f",1,18,9,16,16,0,0,0,0,0,-1,0,55,55,0,0,,,"%player%: Ugh… @@K Sibling,stand_furious,fade_out @@K **door_opening**",,,,,,,,,,,,
ENDDEMOCHOICE2_S1_L19,%player%,It will take a lot of time to make $$her|him$$ accept me again.,"%player%,%none%",",,,",",,,",",,,",",,,",",,,","FALSE,background_izakaya_interior_noon,none,none,none",none,"-1,FALSE,FALSE,,FALSE",",,,",ENDDEMOCHOICE2,,",,,",",,,",,%player%,"-1,f,f,,f",1,19,9,74,0,0,0,0,0,0,-1,0,0,0,0,0,,,%player%: It will take a lot of time to make $$her|him$$ accept me again.,,,,,,,,,,,,
ENDDEMOCHOICE2_S1_L20,%player%,Well… Let's just take it one step at a time.,"%player%,%none%",",,,",",,,",",,,",",,,",",,,","FALSE,background_izakaya_interior_noon,none,none,none",none,"-1,TRUE,FALSE,,FALSE",",,,",ENDDEMOCHOICE2,,",,,",",,,",,%player%,"-1,t,f,,f",1,20,9,55,0,0,0,55,0,0,-1,0,0,0,0,0,,,"%player%: Well… Let's just take it one step at a time. ##-1,t,f,,f##",,,,,,,,,,,,
,,,",%none%",",,,",",,,",",,,",",,,",",,,","FALSE,background_izakaya_interior_noon,none,none,none",none,"-1,FALSE,FALSE,,FALSE",",,,",ENDDEMOCHOICE2,,",,,",",,,",,,"-1,f,f,,f",2,0,0,1,0,0,0,0,0,1,-1,0,0,0,0,0,,,&& player can start open the shop &&,,,,,,,,,,,,
,,DEMO Ver.4 Day 3,",%none%",",,,",",,,",",,,",",,,",",,,","FALSE,background_izakaya_interior_noon,none,none,none",none,"-1,FALSE,FALSE,,FALSE",",,,",DEMO1_3,,",,,",",,,",,,"-1,f,f,,f",1,0,0,18,0,0,0,0,0,0,18,0,0,0,0,0,,,DEMO Ver.4 Day 3 ==Demo1_3==,,,,,,,,,,,,
,,,",%none%",",,,",",,,",",,,",",,,",",,,","FALSE,background_izakaya_interior_noon,none,none,none",none,"-1,FALSE,FALSE,,FALSE",",,,",DEMO1_3,,",,,",",,,",,,"-1,f,f,,f",1,0,0,1,0,0,0,0,0,1,-1,0,0,0,0,0,,,&& This part will be played when the player wakes up in the morning Day 3. &&,,,,,,,,,,,,
DEMO1_3_S1_L1,Alarm,RIIIIINGGG!!!,"Alarm,%none%",",,,",",,,",",,,",",,,",",,,","TRUE,background_izakaya_home_morning,none,none,none",none,"-1,FALSE,FALSE,,FALSE",",,,",DEMO1_3,,color_dimout,,,Alarm,"-1,f,f,,f",1,1,6,22,0,47,0,0,0,0,-1,0,30,22,0,0,,,"Alarm: RIIIIINGGG!!! *alarm* **color_dimout** ||TRUE,background_izakaya_home_morning,none,none,none||",,,,,,,,,,,,
DEMO1_3_S1_L2,%player%,"Alright! Brand new day, brand new opportunity!","%player%,%none%",",,,",",,,",",,,",",,,",",,,","FALSE,background_izakaya_home_morning,none,none,none",none,"-1,FALSE,FALSE,,FALSE",",,,",DEMO1_3,,",,,",",,,",,%player%,"-1,f,f,,f",1,2,9,57,0,0,0,0,0,0,-1,0,0,0,0,0,,,"%player%: Alright! Brand new day, brand new opportunity!",,,,,,,,,,,,
DEMO1_3_S1_L3,%player%,I should get the shop ready.,"%player%,%none%",",,,",",,,",",,,",",,,",",,,","FALSE,background_izakaya_home_morning,none,none,none",none,"-1,FALSE,FALSE,,FALSE",",,,",DEMO1_3,,color_dimin,,,%player%,"-1,f,f,,f",1,3,9,40,0,0,0,0,0,0,-1,0,40,40,0,0,,,%player%: I should get the shop ready. **color_dimin**,,,,,,,,,,,,
DEMO1_3_S1_L4,%player%,...,"%player%,%none%",",,,",",,,",",,,",",,,",",,,","FALSE,background_izakaya_home_morning,none,none,none",none,"-1,FALSE,FALSE,,FALSE",",,,",DEMO1_3,,",,,",cleaning_shop,,%player%,"-1,f,f,,f",1,4,9,15,0,0,0,0,0,0,-1,0,0,15,0,0,,,%player%: ... *cleaning_shop*,,,,,,,,,,,,
DEMO1_3_S1_L5,%player%,...,"%player%,%none%",",,,",",,,",",,,",",,,",",,,","FALSE,background_izakaya_home_morning,none,none,none",none,"-1,FALSE,FALSE,,FALSE",",,,",DEMO1_3,,",,,",shower,,%player%,"-1,f,f,,f",1,5,9,15,0,0,0,0,0,0,-1,0,0,15,0,0,,,%player%: ... *shower*,,,,,,,,,,,,
DEMO1_3_S1_L6,%player%,Everything is clean now.,"%player%,%none%",",,,",",,,",",,,",",,,",",,,","FALSE,background_izakaya_home_morning,none,none,none",none,"-1,FALSE,FALSE,,FALSE",",,,",DEMO1_3,,color_dimout,,,%player%,"-1,f,f,,f",1,6,9,36,0,0,0,0,0,0,-1,0,36,36,0,0,,,%player%: Everything is clean now. **color_dimout**,,,,,,,,,,,,
DEMO1_3_S1_L7,%player%,Time to open the Oasis.,"%player%,%none%",",,,",",,,",",,,",",,,",",,,","FALSE,background_izakaya_home_morning,none,none,none",none,"-1,FALSE,FALSE,,FALSE",",,,",DEMO1_3,,",,,",",,,",,%player%,"-1,f,f,,f",1,7,9,34,0,0,0,0,0,0,-1,0,0,0,0,0,,,%player%: Time to open the Oasis.,,,,,,,,,,,,
DEMO1_3_S1_L8,%player%,…,"%player%,%none%",",,,",",,,",",,,",",,,",",,,","TRUE,background_izakaya_interior_morning,none,none,none",none,"-1,FALSE,FALSE,,FALSE",",,,",DEMO1_3,,",,,",",,,",,%player%,"-1,f,f,,f",1,8,9,13,0,13,0,0,0,0,-1,0,0,0,0,0,,,"%player%: … ||TRUE,background_izakaya_interior_morning,none,none,none||",,,,,,,,,,,,
DEMO1_3_S1_L9,%player%,"$$She|He$$’s not coming today, is $$she|he$$?","%player%,%none%",",,,",",,,",",,,",",,,",",,,","FALSE,background_izakaya_interior_morning,none,none,none",none,"-1,FALSE,FALSE,,FALSE",",,,",DEMO1_3,,",,,",",,,",,%player%,"-1,f,f,,f",1,9,9,56,0,0,0,0,0,0,-1,0,0,0,0,0,,,"%player%: $$She|He$$’s not coming today, is $$she|he$$?",,,,,,,,,,,,
DEMO1_3_S1_L10,%player%,"Well, considering what happened yesterday… It’s not surprising $$she|he$$ didn’t show up.","%player%,%none%",",,,",",,,",",,,",",,,",",,,","FALSE,background_izakaya_interior_morning,none,none,none",none,"-1,FALSE,FALSE,,FALSE",",,,",DEMO1_3,,",,,",",,,",,%player%,"-1,f,f,,f",1,10,9,100,0,0,0,0,0,0,-1,0,0,0,0,0,,,"%player%: Well, considering what happened yesterday… It’s not surprising $$she|he$$ didn’t show up.",,,,,,,,,,,,
DEMO1_3_S1_L11,%player%,Oh!,"%player%,%none%",",,,",",,,",",,,",",,,",",,,","FALSE,background_izakaya_interior_morning,none,none,none",none,"-1,FALSE,FALSE,,FALSE",",,,",DEMO1_3,,",,,",",,,",,%player%,"-1,f,f,,f",1,11,9,14,0,0,0,0,0,0,-1,0,0,0,0,0,,,%player%: Oh!,,,,,,,,,,,,
DEMO1_3_S1_L12,%player%,I guess I was wrong. $$She|He$$ still came by to drop off some stocks.,"%player%,%none%",",,,",",,,",",,,",",,,",",,,","FALSE,background_izakaya_interior_morning,none,none,none",none,"-1,FALSE,FALSE,,FALSE",",,,",DEMO1_3,,",,,",",,,",,%player%,"-1,f,f,,f",1,12,9,81,0,0,0,0,0,0,-1,0,0,0,0,0,,,%player%: I guess I was wrong. $$She|He$$ still came by to drop off some stocks.,,,,,,,,,,,,
DEMO1_3_S1_L13,%player%,Red Meat…,"%player%,%none%",",,,",",,,",",,,",",,,",",,,","FALSE,background_izakaya_interior_morning,none,none,none",none,"-1,FALSE,FALSE,,FALSE","Main,1,5",DEMO1_3,,",,,",",,,",,%player%,"-1,f,f,,f",1,13,9,21,0,0,0,0,21,0,-1,0,0,0,0,0,,,"%player%: Red Meat… ++Main,1,5++",,,,,,,,,,,,
DEMO1_3_S1_L14,%player%,Poultry…,"%player%,%none%",",,,",",,,",",,,",",,,",",,,","FALSE,background_izakaya_interior_morning,none,none,none",none,"-1,FALSE,FALSE,,FALSE","Main,2,5",DEMO1_3,,",,,",",,,",,%player%,"-1,f,f,,f",1,14,9,20,0,0,0,0,20,0,-1,0,0,0,0,0,,,"%player%: Poultry… ++Main,2,5++",,,,,,,,,,,,
DEMO1_3_S1_L15,%player%,"Seafood, and…","%player%,%none%",",,,",",,,",",,,",",,,",",,,","FALSE,background_izakaya_interior_morning,none,none,none",none,"-1,FALSE,FALSE,,FALSE","Main,3,5",DEMO1_3,,",,,",",,,",,%player%,"-1,f,f,,f",1,15,9,25,0,0,0,0,25,0,-1,0,0,0,0,0,,,"%player%: Seafood, and… ++Main,3,5++",,,,,,,,,,,,
DEMO1_3_S1_L16,%player%,"another seasoning, Coconut cream.","%player%,%none%",",,,",",,,",",,,",",,,",",,,","FALSE,background_izakaya_interior_morning,none,none,none",none,"-1,FALSE,FALSE,,FALSE","Seasoning,14,1",DEMO1_3,,",,,",",,,",,%player%,"-1,f,f,,f",1,16,9,45,0,0,0,0,45,0,-1,0,0,0,0,0,,,"%player%: another seasoning, Coconut cream. ++Seasoning,14,1++",,,,,,,,,,,,
DEMO1_3_S1_L17,%player%,"Thank you, $$Sis|Bro$$!","%player%,%none%",",,,",",,,",",,,",",,,",",,,","FALSE,background_izakaya_interior_morning,none,none,none",none,"-1,FALSE,FALSE,,FALSE",",,,",DEMO1_3,,",,,",",,,",,%player%,"-1,f,f,,f",1,17,9,35,0,0,0,0,0,35,-1,0,0,0,0,0,,,"%player%: Thank you, $$Sis|Bro$$! && player can start open the shop &&",,,,,,,,,,,,
,,DEMO Ver.4 Day 4 (Demo Epilogue),",%none%",",,,",",,,",",,,",",,,",",,,","FALSE,background_izakaya_interior_morning,none,none,none",none,"-1,FALSE,FALSE,,FALSE",",,,",DEMO1_4,,",,,",",,,",,,"-1,f,f,,f",1,0,0,34,0,0,0,0,0,0,34,0,0,0,0,0,,,DEMO Ver.4 Day 4 (Demo Epilogue) ==Demo1_4==,,,,,,,,,,,,
,,,",%none%",",,,",",,,",",,,",",,,",",,,","FALSE,background_izakaya_interior_morning,none,none,none",none,"-1,FALSE,FALSE,,FALSE",",,,",DEMO1_4,,",,,",",,,",,,"-1,f,f,,f",1,0,0,1,0,0,0,0,0,1,-1,0,0,0,0,0,,,&& This part will be played when the player wakes up in the morning Day 4. &&,,,,,,,,,,,,
DEMO1_4_S1_L1,Alarm,RIIIIINGGG!!!,"Alarm,%none%",",,,",",,,",",,,",",,,",",,,","TRUE,background_izakaya_home_morning,none,none,none",none,"-1,FALSE,FALSE,,FALSE",",,,",DEMO1_4,,color_dimout,,,Alarm,"-1,f,f,,f",1,1,6,22,0,47,0,0,0,0,-1,0,30,22,0,0,,,"Alarm: RIIIIINGGG!!! *alarm* **color_dimout** ||TRUE,background_izakaya_home_morning,none,none,none||",,,,,,,,,,,,
DEMO1_4_S1_L2,%player%,Yesterday wasn’t too bad.,"%player%,%none%",",,,",",,,",",,,",",,,",",,,","FALSE,background_izakaya_home_morning,none,none,none",none,"-1,FALSE,FALSE,,FALSE",",,,",DEMO1_4,,",,,",",,,",,%player%,"-1,f,f,,f",1,2,9,36,0,0,0,0,0,0,-1,0,0,0,0,0,,,%player%: Yesterday wasn’t too bad.,,,,,,,,,,,,
DEMO1_4_S1_L3,%player%,Today should be even better.,"%player%,%none%",",,,",",,,",",,,",",,,",",,,","FALSE,background_izakaya_home_morning,none,none,none",none,"-1,FALSE,FALSE,,FALSE",",,,",DEMO1_4,,color_dimin,,,%player%,"-1,f,f,,f",1,3,9,40,0,0,0,0,0,0,-1,0,40,40,0,0,,,%player%: Today should be even better. **color_dimin**,,,,,,,,,,,,
DEMO1_4_S1_L4,%player%,...,"%player%,%none%",",,,",",,,",",,,",",,,",",,,","FALSE,background_izakaya_home_morning,none,none,none",none,"-1,FALSE,FALSE,,FALSE",",,,",DEMO1_4,,",,,",cleaning_shop,,%player%,"-1,f,f,,f",1,4,9,15,0,0,0,0,0,0,-1,0,0,15,0,0,,,%player%: ... *cleaning_shop*,,,,,,,,,,,,
DEMO1_4_S1_L5,%player%,...,"%player%,%none%",",,,",",,,",",,,",",,,",",,,","FALSE,background_izakaya_home_morning,none,none,none",none,"-1,FALSE,FALSE,,FALSE",",,,",DEMO1_4,,",,,",shower,,%player%,"-1,f,f,,f",1,5,9,15,0,0,0,0,0,0,-1,0,0,15,0,0,,,%player%: ... *shower*,,,,,,,,,,,,
DEMO1_4_S1_L6,%player%,Everything is clean now.,"%player%,%none%",",,,",",,,",",,,",",,,",",,,","FALSE,background_izakaya_home_morning,none,none,none",none,"-1,FALSE,FALSE,,FALSE",",,,",DEMO1_4,,color_dimout,,,%player%,"-1,f,f,,f",1,6,9,36,0,0,0,0,0,0,-1,0,36,36,0,0,,,%player%: Everything is clean now. **color_dimout**,,,,,,,,,,,,
DEMO1_4_S1_L7,%player%,Time to open the Oasis.,"%player%,%none%",",,,",",,,",",,,",",,,",",,,","FALSE,background_izakaya_home_morning,none,none,none",none,"-1,FALSE,FALSE,,FALSE",",,,",DEMO1_4,,",,,",",,,",,%player%,"-1,f,f,,f",1,7,9,34,0,0,0,0,0,0,-1,0,0,0,0,0,,,%player%: Time to open the Oasis.,,,,,,,,,,,,
DEMO1_4_S1_L8,%player%,"Oh, hey, $$Sis|Bro$$.","%player%,%none%",",,,",",,,",",,,","Sibling,stand_neutralmad,fade_in",",,,","TRUE,background_izakaya_interior_morning,none,none,none",none,"-1,FALSE,FALSE,,FALSE",",,,",DEMO1_4,,door_opening,,,%player%,"-1,f,f,,f",1,8,9,33,110,33,0,0,0,0,-1,0,93,93,0,0,,,"%player%: Oh, hey, $$Sis|Bro$$. ||TRUE,background_izakaya_interior_morning,none,none,none|| **door_opening** @@K Sibling,stand_neutralmad,fade_in @@K",,,,,,,,,,,,
DEMO1_4_S1_L9,%sibling%,…,"%sibling%,%none%",",,,",",,,",",,,",",,,",",,,","FALSE,background_izakaya_interior_morning,none,none,none",none,"-1,FALSE,FALSE,,FALSE",",,,",DEMO1_4,,",,,",",,,",,%sibling%,"-1,f,f,,f",1,9,10,13,0,0,0,0,0,0,-1,0,0,0,0,0,,,%sibling%: …,,,,,,,,,,,,
DEMO1_4_S1_L10,%player%,Wanna talk upstairs?,"%player%,%none%",",,,",",,,",",,,",",,,",",,,","FALSE,background_izakaya_interior_morning,none,none,none",none,"-1,FALSE,FALSE,,FALSE",",,,",DEMO1_4,,",,,",",,,",,%player%,"-1,f,f,,f",1,10,9,31,0,0,0,0,0,0,-1,0,0,0,0,0,,,%player%: Wanna talk upstairs?,,,,,,,,,,,,
DEMO1_4_S1_L11,%sibling%,… Sure.,"%sibling%,%none%",",,,",",,,",",,,","Sibling,stand_neutralmad,fade_out",",,,","FALSE,background_izakaya_interior_morning,none,none,none",none,"-1,FALSE,FALSE,,FALSE",",,,",DEMO1_4,,color_dimin,,,%sibling%,"-1,f,f,,f",1,11,10,20,36,0,0,0,0,0,-1,0,20,20,0,0,,,"%sibling%: … Sure. **color_dimin** @@K Sibling,stand_neutralmad,fade_out @@K",,,,,,,,,,,,
DEMO1_4_S1_L12,%player%,Please have a seat.,"%player%,%none%",",,,",",,,",",,,","Sibling,stand_neutralmad,fade_in",",,,","TRUE,background_izakaya_home_morning,none,none,none",none,"-1,FALSE,FALSE,,FALSE",",,,",DEMO1_4,,color_dimout,,,%player%,"-1,f,f,,f",1,12,9,31,104,48,0,0,0,0,-1,0,31,31,0,0,,,"%player%: Please have a seat. **color_dimout** ||TRUE,background_izakaya_home_morning,none,none,none|| @@K Sibling,stand_neutralmad,fade_in @@K",,,,,,,,,,,,
DEMO1_4_S1_L13,%sibling%,"No, I won’t be long. I just…","%sibling%,%none%",",,,",",,,",",,,",",,,",",,,","FALSE,background_izakaya_home_morning,none,none,none",none,"-1,FALSE,FALSE,,FALSE",",,,",DEMO1_4,,",,,",",,,",,%sibling%,"-1,f,f,,f",1,13,10,40,0,0,0,0,0,0,-1,0,0,0,0,0,,,"%sibling%: No, I won’t be long. I just…",,,,,,,,,,,,
DEMO1_4_S1_L14,%sibling%,I didn’t expect you’d actually run this place. I thought you'd run away and secretly sold this place.,"%sibling%,%none%",",,,",",,,",",,,","Sibling,stand_disappointed,none",",,,","FALSE,background_izakaya_home_morning,none,none,none",none,"-1,FALSE,FALSE,,FALSE",",,,",DEMO1_4,,",,,",",,,",,%sibling%,"-1,f,f,,f",1,14,10,114,114,0,0,0,0,0,-1,0,0,0,0,0,,,"%sibling%: I didn’t expect you’d actually run this place. I thought you'd run away and secretly sold this place. @@K Sibling,stand_disappointed,none @@K",,,,,,,,,,,,
DEMO1_4_S1_L15,%sibling%,Turn out you are doing quite well.,"%sibling%,%none%",",,,",",,,",",,,",",,,",",,,","FALSE,background_izakaya_home_morning,none,none,none",none,"-1,FALSE,FALSE,,FALSE",",,,",DEMO1_4,,",,,",",,,",,%sibling%,"-1,f,f,,f",1,15,10,46,0,0,0,0,0,0,-1,0,0,0,0,0,,,%sibling%: Turn out you are doing quite well.,,,,,,,,,,,,
DEMO1_4_S1_L16,%player%,I’m glad people keep coming back here.,"%player%,%none%",",,,",",,,",",,,",",,,",",,,","FALSE,background_izakaya_home_morning,none,none,none",none,"-1,FALSE,FALSE,,FALSE",",,,",DEMO1_4,,",,,",",,,",,%player%,"-1,f,f,,f",1,16,9,49,0,0,0,0,0,0,-1,0,0,0,0,0,,,%player%: I’m glad people keep coming back here.,,,,,,,,,,,,
DEMO1_4_S1_L17,%player%,Maybe it won’t be long before this place is back to its glory days. Hehe…,"%player%,%none%",",,,",",,,",",,,",",,,",",,,","FALSE,background_izakaya_home_morning,none,none,none",none,"-1,FALSE,FALSE,,FALSE",",,,",DEMO1_4,,",,,",",,,",,%player%,"-1,f,f,,f",1,17,9,84,0,0,0,0,0,0,-1,0,0,0,0,0,,,%player%: Maybe it won’t be long before this place is back to its glory days. Hehe…,,,,,,,,,,,,
DEMO1_4_S1_L18,%sibling%,This is nothing compared to when Dad was running this place.,"%sibling%,%none%",",,,",",,,",",,,","Sibling,stand_angry,none",",,,","FALSE,background_izakaya_home_morning,none,none,none",none,"-1,FALSE,FALSE,,FALSE",",,,",DEMO1_4,,",,,",",,,",,%sibling%,"-1,f,f,,f",1,18,10,73,73,0,0,0,0,0,-1,0,0,0,0,0,,,"%sibling%: This is nothing compared to when Dad was running this place. @@K Sibling,stand_angry,none @@K",,,,,,,,,,,,
DEMO1_4_S1_L19,%player%,"You… really don’t trust me, huh?","%player%,%none%",",,,",",,,",",,,",",,,",",,,","FALSE,background_izakaya_home_morning,none,none,none",none,"-1,FALSE,FALSE,,FALSE",",,,",DEMO1_4,,",,,",",,,",,%player%,"-1,f,f,,f",1,19,9,43,0,0,0,0,0,0,-1,0,0,0,0,0,,,"%player%: You… really don’t trust me, huh?",,,,,,,,,,,,
DEMO1_4_S1_L20,%sibling%,If your $$big brother|little sister$$ disappeared for ten years and suddenly came back to take over your parents’ business…,"%sibling%,%none%",",,,",",,,",",,,",",,,",",,,","FALSE,background_izakaya_home_morning,none,none,none",none,"-1,FALSE,FALSE,,FALSE",",,,",DEMO1_4,,",,,",",,,",,%sibling%,"-1,f,f,,f",1,20,10,135,0,0,0,0,0,0,-1,0,0,0,0,0,,,%sibling%: If your $$big brother|little sister$$ disappeared for ten years and suddenly came back to take over your parents’ business…,,,,,,,,,,,,
DEMO1_4_S1_L21,%sibling%,…would you believe $$him|her$$?,"%sibling%,%none%",",,,",",,,",",,,","Sibling,stand_furious,none",",,,","FALSE,background_izakaya_home_morning,none,none,none",none,"-1,FALSE,FALSE,,FALSE",",,,",DEMO1_4,,",,,",",,,",,%sibling%,"-1,f,f,,f",1,21,10,44,44,0,0,0,0,0,-1,0,0,0,0,0,,,"%sibling%: …would you believe $$him|her$$? @@K Sibling,stand_furious,none @@K",,,,,,,,,,,,
DEMO1_4_S1_L22,%player%,Ugh!,"%player%,%none%",",,,",",,,",",,,",",,,",",,,","FALSE,background_izakaya_home_morning,none,none,none",none,"-1,FALSE,FALSE,,FALSE",",,,",DEMO1_4,,camera_shake,,,%player%,"-1,f,f,,f",1,22,9,16,0,0,0,0,0,0,-1,0,16,16,0,0,,,%player%: Ugh! **camera_shake**,,,,,,,,,,,,
DEMO1_4_S1_L23,%player%,"Listen, I’m sorry for leaving you all these years. But when Mom passed away, I…","%player%,%none%",",,,",",,,",",,,",",,,",",,,","FALSE,background_izakaya_home_morning,none,none,none",none,"-1,FALSE,FALSE,,FALSE",",,,",DEMO1_4,,",,,",",,,",,%player%,"-1,f,f,,f",1,23,9,90,0,0,0,0,0,0,-1,0,0,0,0,0,,,"%player%: Listen, I’m sorry for leaving you all these years. But when Mom passed away, I…",,,,,,,,,,,,
DEMO1_4_S1_L24,%sibling%,"Please, %player%. You weren’t the only one in pain.","%sibling%,%none%",",,,",",,,",",,,","Sibling,stand_disappointed,none",",,,","FALSE,background_izakaya_home_morning,none,none,none",none,"-1,FALSE,FALSE,,FALSE",",,,",DEMO1_4,,",,,",",,,",,%sibling%,"-1,f,f,,f",1,24,10,64,64,0,0,0,0,0,-1,0,0,0,0,0,,,"%sibling%: Please, %player%. You weren’t the only one in pain. @@K Sibling,stand_disappointed,none @@K",,,,,,,,,,,,
DEMO1_4_S1_L25,%sibling%,Dad and I were in pain too.,"%sibling%,%none%",",,,",",,,",",,,",",,,",",,,","FALSE,background_izakaya_home_morning,none,none,none",none,"-1,FALSE,FALSE,,FALSE",",,,",DEMO1_4,,",,,",",,,",,%sibling%,"-1,f,f,,f",1,25,10,39,0,0,0,0,0,0,-1,0,0,0,0,0,,,%sibling%: Dad and I were in pain too.,,,,,,,,,,,,
DEMO1_4_S1_L26,%sibling%,But we didn’t run away and abandon our family for ten years.,"%sibling%,%none%",",,,",",,,",",,,","Sibling,stand_angry,none",",,,","FALSE,background_izakaya_home_morning,none,none,none",none,"-1,FALSE,FALSE,,FALSE",",,,",DEMO1_4,,",,,",",,,",,%sibling%,"-1,f,f,,f",1,26,10,73,73,0,0,0,0,0,-1,0,0,0,0,0,,,"%sibling%: But we didn’t run away and abandon our family for ten years. @@K Sibling,stand_angry,none @@K",,,,,,,,,,,,
DEMO1_4_S1_L27,%player%,%sibling%...,"%player%,%none%",",,,",",,,",",,,",",,,",",,,","FALSE,background_izakaya_home_morning,none,none,none",none,"-1,FALSE,FALSE,,FALSE",",,,",DEMO1_4,,",,,",",,,",,%player%,"-1,f,f,,f",1,27,9,23,0,0,0,0,0,0,-1,0,0,0,0,0,,,%player%: %sibling%...,,,,,,,,,,,,
DEMO1_4_S1_L28,%sibling%,"Did you know these past two years, I had to watch Dad’s health crumble?","%sibling%,%none%",",,,",",,,",",,,",",,,",",,,","FALSE,background_izakaya_home_morning,none,none,none",none,"-1,FALSE,FALSE,,FALSE",",,,",DEMO1_4,,",,,",",,,",,%sibling%,"-1,f,f,,f",1,28,10,83,0,0,0,0,0,0,-1,0,0,0,0,0,,,"%sibling%: Did you know these past two years, I had to watch Dad’s health crumble?",,,,,,,,,,,,
DEMO1_4_S1_L29,%sibling%,"Day after day, I took care of him all by myself.","%sibling%,%none%",",,,",",,,",",,,",",,,",",,,","FALSE,background_izakaya_home_morning,none,none,none",none,"-1,FALSE,FALSE,,FALSE",",,,",DEMO1_4,,",,,",",,,",,%sibling%,"-1,f,f,,f",1,29,10,60,0,0,0,0,0,0,-1,0,0,0,0,0,,,"%sibling%: Day after day, I took care of him all by myself.",,,,,,,,,,,,
DEMO1_4_S1_L30,%sibling%,And when he was gone… I was the only one standing there. Alone.,"%sibling%,%none%",",,,",",,,",",,,",",,,",",,,","FALSE,background_izakaya_home_morning,none,none,none",none,"-1,FALSE,FALSE,,FALSE",",,,",DEMO1_4,,",,,",",,,",,%sibling%,"-1,f,f,,f",1,30,10,75,0,0,0,0,0,0,-1,0,0,0,0,0,,,%sibling%: And when he was gone… I was the only one standing there. Alone.,,,,,,,,,,,,
DEMO1_4_S1_L31,%sibling%,Can you even imagine what I went through?,"%sibling%,%none%",",,,",",,,",",,,",",,,",",,,","FALSE,background_izakaya_home_morning,none,none,none",none,"-1,FALSE,FALSE,,FALSE",",,,",DEMO1_4,,",,,",",,,",,%sibling%,"-1,f,f,,f",1,31,10,53,0,0,0,0,0,0,-1,0,0,0,0,0,,,%sibling%: Can you even imagine what I went through?,,,,,,,,,,,,
DEMO1_4_S1_L32,%player%,I- I…,"%player%,%none%",",,,",",,,",",,,",",,,",",,,","FALSE,background_izakaya_home_morning,none,none,none",none,"-1,FALSE,FALSE,,FALSE",",,,",DEMO1_4,,",,,",",,,",,%player%,"-1,f,f,,f",1,32,9,16,0,0,0,0,0,0,-1,0,0,0,0,0,,,%player%: I- I…,,,,,,,,,,,,
DEMO1_4_S1_L33,%sibling%,Of course you can’t. Because…,"%sibling%,%none%",",,,",",,,",",,,",",,,",",,,","FALSE,background_izakaya_home_morning,none,none,none",none,"-1,FALSE,FALSE,,FALSE",",,,",DEMO1_4,,",,,",",,,",,%sibling%,"-1,f,f,,f",1,33,10,41,0,0,0,0,0,0,-1,0,0,0,0,0,,,%sibling%: Of course you can’t. Because…,,,,,,,,,,,,
DEMO1_4_S1_L34,%sibling%,YOU WEREN’T THERE!,"%sibling%,%none%",",,,",",,,",",,,","Sibling,stand_furious,none",",,,","FALSE,background_izakaya_home_morning,none,none,none",none,"-1,FALSE,FALSE,,FALSE",",,,",DEMO1_4,,camera_shake,,,%sibling%,"-1,f,f,,f",1,34,10,31,31,0,0,0,0,0,-1,0,66,66,0,0,,,"%sibling%: YOU WEREN’T THERE! @@K Sibling,stand_furious,none @@K **camera_shake**",,,,,,,,,,,,
DEMO1_4_S1_L35,%sibling%,"And now, just when I’ve finally learned to move on… you suddenly show up like nothing ever happened.","%sibling%,%none%",",,,",",,,",",,,","Sibling,stand_angry,none",",,,","FALSE,background_izakaya_home_morning,none,none,none",none,"-1,FALSE,FALSE,,FALSE",",,,",DEMO1_4,,",,,",",,,",,%sibling%,"-1,f,f,,f",1,35,10,113,113,0,0,0,0,0,-1,0,0,0,0,0,,,"%sibling%: And now, just when I’ve finally learned to move on… you suddenly show up like nothing ever happened. @@K Sibling,stand_angry,none @@K",,,,,,,,,,,,
DEMO1_4_S1_L36,%player%,I’m sorry. I’ve wanted to contact you for years...,"%player%,%none%",",,,",",,,",",,,",",,,",",,,","FALSE,background_izakaya_home_morning,none,none,none",none,"-1,FALSE,FALSE,,FALSE",",,,",DEMO1_4,,",,,",",,,",,%player%,"-1,f,f,,f",1,36,9,61,0,0,0,0,0,0,-1,0,0,0,0,0,,,%player%: I’m sorry. I’ve wanted to contact you for years...,,,,,,,,,,,,
DEMO1_4_S1_L37,%player%,"But, I didn’t have your contact.","%player%,%none%",",,,",",,,",",,,",",,,",",,,","FALSE,background_izakaya_home_morning,none,none,none",none,"-1,FALSE,FALSE,,FALSE",",,,",DEMO1_4,,",,,",",,,",,%player%,"-1,f,f,,f",1,37,9,43,0,0,0,0,0,0,-1,0,0,0,0,0,,,"%player%: But, I didn’t have your contact.",,,,,,,,,,,,
DEMO1_4_S1_L38,%sibling%,"If you hadn’t left, you wouldn’t have needed it!","%sibling%,%none%",",,,",",,,",",,,","Sibling,stand_furious,none",",,,","FALSE,background_izakaya_home_morning,none,none,none",none,"-1,FALSE,FALSE,,FALSE",",,,",DEMO1_4,,",,,",",,,",,%sibling%,"-1,f,f,,f",1,38,10,61,61,0,0,0,0,0,-1,0,0,0,0,0,,,"%sibling%: If you hadn’t left, you wouldn’t have needed it! @@K Sibling,stand_furious,none @@K",,,,,,,,,,,,
DEMO1_4_S1_L39,%player%,…,"%player%,%none%",",,,",",,,",",,,",",,,",",,,","FALSE,background_izakaya_home_morning,none,none,none",none,"-1,FALSE,FALSE,,FALSE",",,,",DEMO1_4,,",,,",",,,",,%player%,"-1,f,f,,f",1,39,9,12,0,0,0,0,0,0,-1,0,0,0,0,0,,,%player%: …,,,,,,,,,,,,
DEMO1_4_S1_L40,%sibling%,…,"%sibling%,%none%",",,,",",,,",",,,",",,,",",,,","FALSE,background_izakaya_home_morning,none,none,none",demochoice3,"-1,FALSE,FALSE,,FALSE",",,,",DEMO1_4,,",,,",",,,",,%sibling%,"-1,f,f,,f",1,40,10,14,0,0,14,0,0,0,-1,0,0,0,0,0,,,%sibling%: … >>demochoice3>>,,,,,,,,,,,,
DEMO1_4_S1_L41,BUTTON1,I’ll show you I’ve changed. - (Promise),"BUTTON1,%none%",",,,",",,,",",,,",",,,",",,,","FALSE,background_izakaya_home_morning,none,none,none",none,"-1,FALSE,FALSE,,FALSE",",,,",DEMO1_4,DEMO3COLD,",,,",",,,",,BUTTON1,"-1,f,f,,f",1,41,8,50,0,0,0,0,0,0,-1,50,0,0,0,0,,,BUTTON1: I’ll show you I’ve changed. - (Promise) <<demo3cold<<,,,,,,,,,,,,
DEMO1_4_S1_L42,BUTTON2,Please… just give me one last chance. - (Pleading),"BUTTON2,%none%",",,,",",,,",",,,",",,,",",,,","FALSE,background_izakaya_home_morning,none,none,none",none,"-1,FALSE,FALSE,,FALSE",",,,",DEMO1_4,DEMO3WARM,",,,",",,,",,BUTTON2,"-1,f,f,,f",1,42,8,61,0,0,0,0,0,0,-1,61,0,0,0,0,,,BUTTON2: Please… just give me one last chance. - (Pleading) <<demo3warm<<,,,,,,,,,,,,
DEMO3COLD_S1_L0,%player%,I’ll show you I’ve changed.,"%player%,%none%",",,,",",,,",",,,",",,,",",,,","FALSE,background_izakaya_home_morning,none,none,none",none,"-1,FALSE,FALSE,,FALSE",",,,",DEMO3COLD,,",,,",",,,",,%player%,"-1,f,f,,f",1,0,9,39,0,0,0,0,0,0,39,0,0,0,0,0,,,%player%: I’ll show you I’ve changed. ==demo3cold==,,,,,,,,,,,,
DEMO3COLD_S1_L1,%player%,I understand if you can’t trust me right away…,"%player%,%none%",",,,",",,,",",,,",",,,",",,,","FALSE,background_izakaya_home_morning,none,none,none",none,"-1,FALSE,FALSE,,FALSE",",,,",DEMO3COLD,,",,,",",,,",,%player%,"-1,f,f,,f",1,1,9,57,0,0,0,0,0,0,-1,0,0,0,0,0,,,%player%: I understand if you can’t trust me right away…,,,,,,,,,,,,
DEMO3COLD_S1_L2,%player%,But I swear I’ll fix everything.,"%player%,%none%",",,,",",,,",",,,",",,,",",,,","FALSE,background_izakaya_home_morning,none,none,none",demochoice3a,"-1,FALSE,FALSE,,FALSE",",,,",DEMO3COLD,,",,,",",,,",,%player%,"-1,f,f,,f",1,2,9,44,0,0,44,0,0,0,-1,0,0,0,0,0,,,%player%: But I swear I’ll fix everything. >>demochoice3a>>,,,,,,,,,,,,
DEMO3COLD_S1_L3,BUTTON1,Both this place... and our bond. - (Somber),"BUTTON1,%none%",",,,",",,,",",,,",",,,",",,,","FALSE,background_izakaya_home_morning,none,none,none",none,"-1,FALSE,FALSE,,FALSE",",,,",DEMO3COLD,ENDDEMOCHOICE3,",,,",",,,",,BUTTON1,"-1,f,f,,f",1,3,8,54,0,0,0,0,0,0,-1,54,0,0,0,0,,,BUTTON1: Both this place... and our bond. - (Somber) <<enddemochoice3<<,,,,,,,,,,,,
DEMO3COLD_S1_L4,BUTTON2,I want to make things the way they used to be. - (Sincere),"BUTTON2,%none%",",,,",",,,",",,,",",,,",",,,","FALSE,background_izakaya_home_morning,none,none,none",none,"-1,FALSE,FALSE,,FALSE",",,,",DEMO3COLD,ENDDEMOCHOICE3,",,,",",,,",,BUTTON2,"-1,f,f,,f",1,4,8,69,0,0,0,0,0,0,-1,69,0,0,0,0,,,BUTTON2: I want to make things the way they used to be. - (Sincere) <<enddemochoice3<<,,,,,,,,,,,,
DEMO3WARM_S1_L0,%player%,Please… just give me one last chance.,"%player%,%none%",",,,",",,,",",,,",",,,",",,,","FALSE,background_izakaya_home_morning,none,none,none",none,"-1,FALSE,FALSE,,FALSE",",,,",DEMO3WARM,,",,,",",,,",,%player%,"-1,f,f,,f",1,0,9,49,0,0,0,0,0,0,49,0,0,0,0,0,,,%player%: Please… just give me one last chance. ==demo3warm==,,,,,,,,,,,,
DEMO3WARM_S1_L1,%player%,"I know I’ve messed up, $$Sis|Bro$$. But please, let me set things right.","%player%,%none%",",,,",",,,",",,,",",,,",",,,","FALSE,background_izakaya_home_morning,none,none,none",none,"-1,FALSE,FALSE,,FALSE",",,,",DEMO3WARM,,",,,",",,,",,%player%,"-1,f,f,,f",1,1,9,83,0,0,0,0,0,0,-1,0,0,0,0,0,,,"%player%: I know I’ve messed up, $$Sis|Bro$$. But please, let me set things right.",,,,,,,,,,,,
DEMO3WARM_S1_L2,%player%,I just want us to laugh together again...,"%player%,%none%",",,,",",,,",",,,",",,,",",,,","FALSE,background_izakaya_home_morning,none,none,none",demochoice3b,"-1,FALSE,FALSE,,FALSE",",,,",DEMO3WARM,,",,,",",,,",,%player%,"-1,f,f,,f",1,2,9,53,0,0,53,0,0,0,-1,0,0,0,0,0,,,%player%: I just want us to laugh together again... >>demochoice3b>>,,,,,,,,,,,,
DEMO3WARM_S1_L3,BUTTON1,Just like when the izakaya was filled with people. - (Reminiscent),"BUTTON1,%none%",",,,",",,,",",,,",",,,",",,,","FALSE,background_izakaya_home_morning,none,none,none",none,"-1,FALSE,FALSE,,FALSE",",,,",DEMO3WARM,ENDDEMOCHOICE3,",,,",",,,",,BUTTON1,"-1,f,f,,f",1,3,8,77,0,0,0,0,0,0,-1,77,0,0,0,0,,,BUTTON1: Just like when the izakaya was filled with people. - (Reminiscent) <<enddemochoice3<<,,,,,,,,,,,,
DEMO3WARM_S1_L4,BUTTON2,Was that too much to ask? - (Wishful),"BUTTON2,%none%",",,,",",,,",",,,",",,,",",,,","FALSE,background_izakaya_home_morning,none,none,none",none,"-1,FALSE,FALSE,,FALSE",",,,",DEMO3WARM,ENDDEMOCHOICE3,",,,",",,,",,BUTTON2,"-1,f,f,,f",1,4,8,48,0,0,0,0,0,0,-1,48,0,0,0,0,,,BUTTON2: Was that too much to ask? - (Wishful) <<enddemochoice3<<,,,,,,,,,,,,
ENDDEMOCHOICE3_S1_L0,%sibling%,…,"%sibling%,%none%",",,,",",,,",",,,",",,,",",,,","FALSE,background_izakaya_home_morning,none,none,none",none,"-1,FALSE,FALSE,,FALSE",",,,",ENDDEMOCHOICE3,,",,,",",,,",,%sibling%,"-1,f,f,,f",1,0,10,14,0,0,0,0,0,0,14,0,0,0,0,0,,,%sibling%: … ==enddemochoice3==,,,,,,,,,,,,
ENDDEMOCHOICE3_S1_L1,%sibling%,Do whatever you want. It’s not like I can stop you anyway.,"%sibling%,%none%",",,,",",,,",",,,","Sibling,stand_disappointed,none",",,,","FALSE,background_izakaya_home_morning,none,none,none",none,"-1,FALSE,FALSE,,FALSE",",,,",ENDDEMOCHOICE3,,",,,",",,,",,%sibling%,"-1,f,f,,f",1,1,10,71,71,0,0,0,0,0,-1,0,0,0,0,0,,,"%sibling%: Do whatever you want. It’s not like I can stop you anyway. @@K Sibling,stand_disappointed,none @@K",,,,,,,,,,,,
ENDDEMOCHOICE3_S1_L2,%sibling%,"Legally speaking, dad leaves this place for you after all.","%sibling%,%none%",",,,",",,,",",,,",",,,",",,,","FALSE,background_izakaya_home_morning,none,none,none",none,"-1,FALSE,FALSE,,FALSE",",,,",ENDDEMOCHOICE3,,",,,",",,,",,%sibling%,"-1,f,f,,f",1,2,10,70,0,0,0,0,0,0,-1,0,0,0,0,0,,,"%sibling%: Legally speaking, dad leaves this place for you after all.",,,,,,,,,,,,
ENDDEMOCHOICE3_S1_L3,%sibling%,But to be honest…,"%sibling%,%none%",",,,",",,,",",,,",",,,",",,,","FALSE,background_izakaya_home_morning,none,none,none",none,"-1,FALSE,FALSE,,FALSE",",,,",ENDDEMOCHOICE3,,",,,",",,,",,%sibling%,"-1,f,f,,f",1,3,10,29,0,0,0,0,0,0,-1,0,0,0,0,0,,,%sibling%: But to be honest…,,,,,,,,,,,,
ENDDEMOCHOICE3_S1_L4,%sibling%,It feels good seeing Mom and Dad’s place filled with customers again.,"%sibling%,%none%",",,,",",,,",",,,","Sibling,stand_neutral,none",",,,","FALSE,background_izakaya_home_morning,none,none,none",none,"-1,FALSE,FALSE,,FALSE",",,,",ENDDEMOCHOICE3,,",,,",",,,",,%sibling%,"-1,f,f,,f",1,4,10,82,82,0,0,0,0,0,-1,0,0,0,0,0,,,"%sibling%: It feels good seeing Mom and Dad’s place filled with customers again. @@K Sibling,stand_neutral,none @@K",,,,,,,,,,,,
ENDDEMOCHOICE3_S1_L5,%player%,%sibling%...,"%player%,%none%",",,,",",,,",",,,",",,,",",,,","FALSE,background_izakaya_home_morning,none,none,none",none,"-1,FALSE,FALSE,,FALSE",",,,",ENDDEMOCHOICE3,,",,,",",,,",,%player%,"-1,f,f,,f",1,5,9,23,0,0,0,0,0,0,-1,0,0,0,0,0,,,%player%: %sibling%...,,,,,,,,,,,,
ENDDEMOCHOICE3_S1_L6,%sibling%,I’ll keep bringing the supplies for this shop…,"%sibling%,%none%",",,,",",,,",",,,","Sibling,stand_disappointed,none",",,,","FALSE,background_izakaya_home_morning,none,none,none",none,"-1,FALSE,FALSE,,FALSE",",,,",ENDDEMOCHOICE3,,",,,",",,,",,%sibling%,"-1,f,f,,f",1,6,10,59,59,0,0,0,0,0,-1,0,0,0,0,0,,,"%sibling%: I’ll keep bringing the supplies for this shop… @@K Sibling,stand_disappointed,none @@K",,,,,,,,,,,,
ENDDEMOCHOICE3_S1_L7,%sibling%,But that doesn’t mean I’ve forgiven you!,"%sibling%,%none%",",,,",",,,",",,,",",,,",",,,","FALSE,background_izakaya_home_morning,none,none,none",none,"-1,FALSE,FALSE,,FALSE",",,,",ENDDEMOCHOICE3,,",,,",",,,",,%sibling%,"-1,f,f,,f",1,7,10,52,0,0,0,0,0,0,-1,0,0,0,0,0,,,%sibling%: But that doesn’t mean I’ve forgiven you!,,,,,,,,,,,,
ENDDEMOCHOICE3_S1_L8,%sibling%,I just didn’t want this place to end up empty again!,"%sibling%,%none%",",,,",",,,",",,,","Sibling,stand_furious,none",",,,","FALSE,background_izakaya_home_morning,none,none,none",none,"-1,FALSE,FALSE,,FALSE",",,,",ENDDEMOCHOICE3,,",,,",",,,",,%sibling%,"-1,f,f,,f",1,8,10,65,65,0,0,0,0,0,-1,0,0,0,0,0,,,"%sibling%: I just didn’t want this place to end up empty again! @@K Sibling,stand_furious,none @@K",,,,,,,,,,,,
ENDDEMOCHOICE3_S1_L9,%player%,…,"%player%,%none%",",,,",",,,",",,,","Sibling,stand_furious,fade_out",",,,","FALSE,background_izakaya_home_morning,none,none,none",none,"-1,FALSE,FALSE,,FALSE",",,,",ENDDEMOCHOICE3,,",,,",",,,",,%player%,"-1,f,f,,f",1,9,9,13,13,0,0,0,0,0,-1,0,0,0,0,0,,,"%player%: … @@K Sibling,stand_furious,fade_out @@K",,,,,,,,,,,,
ENDDEMOCHOICE3_S1_L10,%player%,"Well, that’s a small step forward. However, there’s still a long way to go from here.","%player%,%none%",",,,",",,,",",,,",",,,",",,,","FALSE,background_izakaya_home_morning,none,none,none",none,"-1,FALSE,FALSE,,FALSE",",,,",ENDDEMOCHOICE3,,",,,",",,,",,%player%,"-1,f,f,,f",1,10,9,96,0,0,0,0,0,0,-1,0,0,0,0,0,,,"%player%: Well, that’s a small step forward. However, there’s still a long way to go from here.",,,,,,,,,,,,
ENDDEMOCHOICE3_S1_L11,%player%,"The demo ends here for now, but you’re free to continue opening the shop if you want to keep playing.","%player%,%none%",",,,",",,,",",,,",",,,",",,,","FALSE,background_izakaya_home_morning,none,none,none",none,"-1,FALSE,FALSE,,FALSE",",,,",ENDDEMOCHOICE3,,color_dimin,,,%player%,"-1,f,f,,f",1,11,9,113,0,0,0,0,0,0,-1,0,113,113,0,0,,,"%player%: The demo ends here for now, but you’re free to continue opening the shop if you want to keep playing. **color_dimin**",,,,,,,,,,,,
ENDDEMOCHOICE3_S1_L12,%player%,I’d really appreciate any feedback or thoughts you have about this demo… And I hope you enjoyed it.,"%player%,%none%",",,,",",,,",",,,",",,,",",,,","FALSE,background_izakaya_home_morning,none,none,none",none,"-1,FALSE,FALSE,,FALSE",",,,",ENDDEMOCHOICE3,,",,,",",,,",,%player%,"-1,f,f,,f",1,12,9,110,0,0,0,0,0,0,-1,0,0,0,0,0,,,%player%: I’d really appreciate any feedback or thoughts you have about this demo… And I hope you enjoyed it.,,,,,,,,,,,,
ENDDEMOCHOICE3_S1_L13,%player%,Thank you for playing! And don’t forget to wishlist our game.,"%player%,%none%",",,,",",,,",",,,",",,,",",,,","FALSE,background_izakaya_home_morning,none,none,none",none,"-1,TRUE,FALSE,,FALSE",",,,",ENDDEMOCHOICE3,,color_dimout,,,%player%,"-1,t,f,,f",1,13,9,73,0,0,0,89,0,104,-1,0,73,73,0,0,,,"%player%: Thank you for playing! And don’t forget to wishlist our game. **color_dimout** ##-1,t,f,,f## && End of Demo but player still can continue the game &&",,,,,,,,,,,,
,,DEMO Ver.4 Day 5 Onwards,",%none%",",,,",",,,",",,,",",,,",",,,","FALSE,background_izakaya_home_morning,none,none,none",none,"-1,FALSE,FALSE,,FALSE",",,,",DEMO1_5,,",,,",",,,",,,"-1,f,f,,f",1,0,0,26,0,0,0,0,0,0,26,0,0,0,0,0,,,DEMO Ver.4 Day 5 Onwards ==Demo1_5==,,,,,,,,,,,,
,,,",%none%",",,,",",,,",",,,",",,,",",,,","FALSE,background_izakaya_home_morning,none,none,none",none,"-1,FALSE,FALSE,,FALSE",",,,",DEMO1_5,,",,,",",,,",,,"-1,f,f,,f",1,0,0,1,0,0,0,0,0,1,-1,0,0,0,0,0,,,&& This part will be repeated every morning after the demo. &&,,,,,,,,,,,,
DEMO1_5_S1_L1,Alarm,RIIIIINGGG!!!,"Alarm,%none%",",,,",",,,",",,,",",,,",",,,","TRUE,background_izakaya_home_morning,none,none,none",none,"-1,FALSE,FALSE,,FALSE",",,,",DEMO1_5,,color_dimout,,,Alarm,"-1,f,f,,f",1,1,6,22,0,47,0,0,0,0,-1,0,30,22,0,0,,,"Alarm: RIIIIINGGG!!! *alarm* **color_dimout** ||TRUE,background_izakaya_home_morning,none,none,none||",,,,,,,,,,,,
DEMO1_5_S1_L2,%player%,"Alright! Brand new day, brand new opportunity!","%player%,%none%",",,,",",,,",",,,",",,,",",,,","FALSE,background_izakaya_home_morning,none,none,none",none,"-1,FALSE,FALSE,,FALSE",",,,",DEMO1_5,,",,,",",,,",,%player%,"-1,f,f,,f",1,2,9,57,0,0,0,0,0,0,-1,0,0,0,0,0,,,"%player%: Alright! Brand new day, brand new opportunity!",,,,,,,,,,,,
DEMO1_5_S1_L3,%player%,I should get the shop ready.,"%player%,%none%",",,,",",,,",",,,",",,,",",,,","FALSE,background_izakaya_home_morning,none,none,none",none,"-1,FALSE,FALSE,,FALSE",",,,",DEMO1_5,,color_dimin,,,%player%,"-1,f,f,,f",1,3,9,40,0,0,0,0,0,0,-1,0,40,40,0,0,,,%player%: I should get the shop ready. **color_dimin**,,,,,,,,,,,,
DEMO1_5_S1_L4,%player%,...,"%player%,%none%",",,,",",,,",",,,",",,,",",,,","FALSE,background_izakaya_home_morning,none,none,none",none,"-1,FALSE,FALSE,,FALSE",",,,",DEMO1_5,,",,,",cleaning_shop,,%player%,"-1,f,f,,f",1,4,9,15,0,0,0,0,0,0,-1,0,0,15,0,0,,,%player%: ... *cleaning_shop*,,,,,,,,,,,,
DEMO1_5_S1_L5,%player%,...,"%player%,%none%",",,,",",,,",",,,",",,,",",,,","FALSE,background_izakaya_home_morning,none,none,none",none,"-1,FALSE,FALSE,,FALSE",",,,",DEMO1_5,,",,,",shower,,%player%,"-1,f,f,,f",1,5,9,15,0,0,0,0,0,0,-1,0,0,15,0,0,,,%player%: ... *shower*,,,,,,,,,,,,
DEMO1_5_S1_L6,%player%,Everything is clean now.,"%player%,%none%",",,,",",,,",",,,",",,,",",,,","FALSE,background_izakaya_home_morning,none,none,none",none,"-1,FALSE,FALSE,,FALSE",",,,",DEMO1_5,,color_dimout,,,%player%,"-1,f,f,,f",1,6,9,36,0,0,0,0,0,0,-1,0,36,36,0,0,,,%player%: Everything is clean now. **color_dimout**,,,,,,,,,,,,
DEMO1_5_S1_L7,%player%,Time to open the Oasis.,"%player%,%none%",",,,",",,,",",,,",",,,",",,,","FALSE,background_izakaya_home_morning,none,none,none",none,"-1,FALSE,FALSE,,FALSE",",,,",DEMO1_5,,",,,",",,,",,%player%,"-1,f,f,,f",1,7,9,34,0,0,0,0,0,0,-1,0,0,0,0,0,,,%player%: Time to open the Oasis.,,,,,,,,,,,,
DEMO1_5_S1_L8,%player%,"Oh, morning, $$Sis|Bro$$.","%player%,%none%",",,,",",,,",",,,","Sibling,stand_neutralmad,fade_in",",,,","TRUE,background_izakaya_interior_morning,none,none,none",none,"-1,FALSE,FALSE,,FALSE",",,,",DEMO1_5,,",,,",",,,",,%player%,"-1,f,f,,f",1,8,9,37,37,78,0,0,0,0,-1,0,0,0,0,0,,,"%player%: Oh, morning, $$Sis|Bro$$. @@K Sibling,stand_neutralmad,fade_in @@K ||TRUE,background_izakaya_interior_morning,none,none,none||",,,,,,,,,,,,
DEMO1_5_S1_L9,%sibling%,"Morning, I came to restock your ingredients.","%sibling%,%none%",",,,",",,,",",,,",",,,",",,,","FALSE,background_izakaya_interior_morning,none,none,none",none,"-1,FALSE,FALSE,,FALSE",",,,",DEMO1_5,,",,,",",,,",,%sibling%,"-1,f,f,,f",1,9,10,56,0,0,0,0,0,0,-1,0,0,0,0,0,,,"%sibling%: Morning, I came to restock your ingredients.",,,,,,,,,,,,
DEMO1_5_S1_L10,%player%,Let see. Red Meat…,"%player%,%none%",",,,",",,,",",,,",",,,",",,,","FALSE,background_izakaya_interior_morning,none,none,none",none,"-1,FALSE,FALSE,,FALSE","Main,1,5",DEMO1_5,,",,,",",,,",,%player%,"-1,f,f,,f",1,10,9,30,0,0,0,0,30,0,-1,0,0,0,0,0,,,"%player%: Let see. Red Meat… ++Main,1,5++",,,,,,,,,,,,
DEMO1_5_S1_L11,%player%,"Poultry, and…","%player%,%none%",",,,",",,,",",,,",",,,",",,,","FALSE,background_izakaya_interior_morning,none,none,none",none,"-1,FALSE,FALSE,,FALSE","Main,2,5",DEMO1_5,,",,,",",,,",,%player%,"-1,f,f,,f",1,11,9,25,0,0,0,0,25,0,-1,0,0,0,0,0,,,"%player%: Poultry, and… ++Main,2,5++",,,,,,,,,,,,
DEMO1_5_S1_L12,%player%,"Seafood! Thank you, $$Sis|Bro$$!","%player%,%none%",",,,",",,,",",,,",",,,",",,,","FALSE,background_izakaya_interior_morning,none,none,none",none,"-1,FALSE,FALSE,,FALSE","Main,3,5",DEMO1_5,,",,,",",,,",,%player%,"-1,f,f,,f",1,12,9,44,0,0,0,0,44,0,-1,0,0,0,0,0,,,"%player%: Seafood! Thank you, $$Sis|Bro$$! ++Main,3,5++",,,,,,,,,,,,
DEMO1_5_S1_L13,%sibling%,Yeah… I should get going. My shift starts soon.,"%sibling%,%none%",",,,",",,,",",,,",",,,",",,,","FALSE,background_izakaya_interior_morning,none,none,none",none,"-1,FALSE,FALSE,,FALSE",",,,",DEMO1_5,,",,,",",,,",,%sibling%,"-1,f,f,,f",1,13,10,59,0,0,0,0,0,0,-1,0,0,0,0,0,,,%sibling%: Yeah… I should get going. My shift starts soon.,,,,,,,,,,,,
DEMO1_5_S1_L14,%player%,"Well see you later, $$Sis|Bro$$!","%player%,%none%",",,,",",,,",",,,","Sibling,stand_neutralmad,fade_out",",,,","FALSE,background_izakaya_interior_morning,none,none,none",none,"-1,TRUE,FALSE,,FALSE",",,,",DEMO1_5,,",,,",",,,",,%player%,"-1,t,f,,f",1,14,9,44,44,0,0,85,0,0,-1,0,0,0,0,0,,,"%player%: Well see you later, $$Sis|Bro$$! @@K Sibling,stand_neutralmad,fade_out @@K ##-1,t,f,,f##",,,,,,,,,,,,